Customer_ID,Name,Phone,Address
ec0383fc-d8ac-45d6-9bb9-c0e24d19eb91,Norma Fisher,876-475-9382x421,"924 Jessica Vista Suite 781, Ryanborough, NJ 58525"
88eaa5a3-ccd4-4a14-b463-86ea55535b4f,Debbie Trujillo,-5463,"28711 Golden Overpass, West Andreaville, MA 71317"
26c08fb0-4db1-44a0-8589-b9c6ea2c027f,Robert Payne,719-659-3423x2094,"220 Rachael Village, Masseyhaven, NC 31368"
a55c84de-0449-44d5-b2df-1404c332f3b9,Stephanie Lawrence,(947)751-5917x95330,"352 Simmons Circle, Port Dustinbury, OK 83627"
4d647cd4-df3c-4dc6-b265-58a53ee5f9f4,Kimberly Becker,1399161510,"17300 Oliver Village, Chadland, ME 46414"
2ed47eb7-8b4b-4594-a04d-e1a63197da2e,Antonio Mcdonald,+1-163-457-9230x225,"720 Maldonado Port, Deborahfurt, TN 33391"
a86a6c99-e9b5-471a-9aad-4c6d9566bbf6,Michael Ellis,508-423-7594,"466 Aaron Fields, Ernestbury, NV 50131"
ae9a2e9b-a4ef-4f88-9f3d-d064099e3f1f,Megan Baxter,6960271427,"900 Nguyen Villages Suite 063, Port Jessicatown, TX 55221"
3e869b9d-4eaa-4f91-a926-f393189ce4c3,Daniel Love,8913193442,"104 Marsh Crescent Suite 285, Port Erictown, AZ 27467"
022c388f-4723-4494-a4bb-c7bd092568cd,Kristin Potts,001-097-765-8236,"24555 Matthew River, North Josephberg, LA 47805"
b3adfccf-d62a-4a01-b1ff-72714d9092c6,Joshua Carter,304.281.4654x6118,"PSC 7551, Box 7176, APO AE 40072"
3cad60f9-7b72-450d-b058-b40c9fce4366,Michael Moore,(961)113-3060,"7936 Micheal Green Apt. 635, North Lynntown, NC 59694"
a3d7bbfd-04e9-41ae-96e6-7b459ec5f3b8,Christina Crawford,303-921-3765x821,"Unit 7296 Box 6875, DPO AA 65859"
bfea718a-110a-471a-8e24-58d7651698da,Shelly Daniels,055.508.2492,"711 Carl Curve Apt. 407, Michelleberg, SD 60890"
3386e934-307b-4e84-97bf-b068e1fe83d7,Kathy Santana,091.891.6348x96769,"024 Cook Park, Sherriport, MT 50853"
712869c2-613f-429a-a234-dc5103d2881d,Amy Davidson,(345)007-6279,"6097 Ellis Courts, Osbornetown, PA 81424"
f6322b12-d548-40b3-9862-b6c8daa737c5,Fred Graves,+1-536-710-9795x1942,"USCGC Lloyd, FPO AP 89761"
f92891d9-d183-4d34-9551-9020fba370c5,Mrs. Shannon Forbes,6753751007,"993 Clayton Viaduct, Hunterville, NE 74689"
67326fe5-a96d-4e22-9793-631cb6f6fe9c,Bradley Garcia,162-076-6075,"1150 Bailey Branch, Port Michael, FL 27761"
93ac6eda-9f95-4b02-a24d-0549709a492d2,Matthew Dennis,045-093-2271,"03557 Phillips Wells Suite 291, New Beverlyburgh, FL 16915"
93ac6eda-9f95-4b02-a24d-0549709a492d,Emily Sanchez,001-245-602-9061x12648,"645 John Roads, Danahaven, MS 54060"
2174e5ad-e5ed-4a1d-a797-c9003c92d775,mark steve,407.970.34,"71 Ramirez Brooks, West Nicoleton, KS 52723"
85abb968-c34d-4bb9-b5e6-f7ffeac0eb58,Mark Webb,407.970.3414,"7173 Ramirez Brooks, West Nicoleton, KS 52723"
8b66d5eb-caf7-4d55-be7b-794e34094ed2,Lauren Foster,454-391-0144,"321 Callahan Haven, New Alexandra, ND 14303"
a30b0218-c522-4559-adcb-728f83b913f1,Mark Powell,001-447-592-2116x69728,"763 Burns Parkway Suite 707, Douglasfort, RI 28775"
cdccbe82-4e82-4868-ba3f-4fc84b6ad4aa,John Oneal,8116050190,"Unit 4329 Box 4316, DPO AA 94393"
0a5eb05b-c4eb-4179-81ad-cfa291378521,Christopher Fisher,+1-627-285-2327x56676,"3906 Jim Corner, West Brian, TX 23225"
18845896-b5f5-40e2-9e4f-9bdf1b4ca3f5,Edward Miller,456.708.8697x74735,"25040 Bryce Meadow, New Randy, IN 59968"
f2252553-0e47-40be-8be5-68d5305fdcd4,Lee Obrien,558-754-0803,"533 Chambers Street, Larryfurt, NJ 45581"
2bd563a6-f896-433a-8606-f9322a0becfe,Cynthia Torres,-7653,"12637 Lisa Points, Williamsburgh, NM 29343"
b32a02a4-39a5-4b51-93e5-939767baa77a,Seth Michael,618-498-3478x97844,"126 Jeffery Street, Lake Amandachester, AR 16464"
279b0326-8429-4382-86f7-3e63c002ce9e,Dominic Maddox,001-538-433-1845,"9220 Richardson Roads Apt. 262, New Vickie, WV 27567"
78c85ff8-46a1-4415-a570-cd8a7c5f983b,Patricia Hudson,001-332-365-9927x190,"7403 Donna Park Suite 851, Derrickfurt, ID 41974"
a040effd-8555-4386-b7ba-2605d78e26ce,Janet Brown,5357345240,"250 Burton Burg, North Alexander, MD 09223"
bf903836-d212-4efc-ac70-a7e0ad1250ba,Haley Beck,(376)254-2566,"870 Robert Loaf Apt. 082, North Mark, HI 32848"
be146aab-f28d-4b8f-8d0f-a06c47bde6eb,Tina Kemp,001-821-691-9729x9045,"07154 Stephen Parkways Suite 265, Lindafurt, ME 70013"
55bd856a-7063-4029-8894-34b88abd7dee,Krista Madden,001-898-407-6165x70040,"388 Hughes Village Suite 319, Lindabury, TX 94883"
0155e4b8-2cca-429e-81b0-16f87feda9b8,Sheri Martin,(509)092-5544,"620 Ashley Mills Apt. 507, Julieborough, OH 56059"
5cc1fc84-e33b-4455-b6f7-5c110bdeb4d8,Ronald Moreno,291-889-6644,"448 Branch Field Suite 208, Port Donna, OK 50851"
42f8971c-554d-415c-af75-5b1c214b88ba,Travis Hoffman,(930)582-3570x39342,"USCGC Miller, FPO AA 31530"
3346bd8d-822b-4fb6-93ba-f922360f050a,Joanna Hicks,001-132-716-6446x595,"0436 Graham Roads, Terryton, NH 46976"
901e83c5-e243-43c6-83fe-18372a568692,Beth Page,067-820-1955x01318,"56246 Caitlin Lodge Suite 802, East Renee, SD 94384"
1ba7c4ac-dbca-471d-b2d1-8cb3beaf3a25,Amber Colon,8625911824,"4487 Katherine Mission Apt. 092, Port Leslieland, SD 60341"
977153d1-b80e-4f8c-b4af-01375b4a722a,Robin Boyd,001-527-808-1850x116,"6851 Logan Brooks Apt. 205, North Robert, UT 41297"
480dd8d9-0a6c-43b6-9a52-36700f322ed2,Susan Burke,001-251-607-5994x497,"4361 Davis Burg, Andrewfurt, UT 86147"
10f57980-afa7-4c0b-bc46-07ba4d81d26d,Erica Gibbs,001-771-086-4081x1551,"84006 Moore Plaza, East Greg, GA 84402"
a2707d13-c97c-4369-bca9-45b0377fad2f,Terri Villa,076-033-4523x53267,"9029 Gloria Stravenue, East Andrew, MD 67359"
8d03949b-5827-4741-bfb3-def447b36bec,Anthony Frost,001-922-606-6953,"PSC 5838, Box 6126, APO AP 86835"
fa2ee276-9133-4dd3-ac68-77b2c8c32e69,Brent Huang,763.637.6914,"Unit 8580 Box 9973, DPO AA 05783"
c2d16a95-f5ea-4fbb-b4f9-5021c69c2dea,Sharon Myers,+1-180-260-6661x7972,"2948 Sarah Key Apt. 578, East Natalieview, VA 77005"
d7c8a026-488f-42b9-8deb-efcf87038ad6,James Williams,-6289,"69671 Kimberly Plains, East Eric, IN 04396"
4afea45c-7453-4c12-bca0-d973bfff2c0e,Sabrina Kelly,+1-451-642-5858x268,"6784 Forbes Via Apt. 220, Lake Kimberlyborough, SD 79554"
8147ba45-4b66-482e-a499-faa75aa7a3d2,Mrs. Melissa Mendez,(100)157-5175x9473,"PSC 8818, Box 2028, APO AA 80226"
95c8bce6-36f1-46ed-a8e8-6f9f1f70a04e,Jessica Sutton,092-627-9061x965,"79148 Pierce Lock Suite 423, Erikberg, CA 09478"
f0ad336d-007c-41da-afa7-93091ee27891,Keith Ortiz,473-142-5120,"830 Michelle Point, Kleinville, OH 46019"
d673f441-37f6-4a00-a390-9fd7c1cda98c,Grace Davis,3374430758,"PSC 1149, Box 6356, APO AE 30861"
20eaeb90-1809-469a-83e0-4808eb5d5e03,Curtis Parsons,+1-546-921-6587x35564,"417 Martinez Drives Suite 325, Perezfurt, NH 67810"
7e91aed4-52d1-4a0e-b996-64742e13406a,Timothy Duarte,+1-368-473-5801x756,"0906 Joseph Stream, Gregoryburgh, UT 48231"
26dcc69e-5532-47b4-8ebe-0993c2a0cf3b,Troy Smith,-2743,"82336 Wells Alley Suite 360, Anthonystad, MN 44714"
4f3fa6cb-8d04-4a87-9c7c-53c0f6ee7e62,Margaret Carlson,411-402-9263,"68818 Heather Mountains Apt. 877, South Amy, MT 33850"
844421f7-8b6d-4c0d-b496-f8ba06ea0ba6,Karl Rogers,735.760.7086,"USCGC Walker, FPO AE 33690"
06f0fa2a-d5eb-4470-98a6-7978e5a962e2,Charles Alexander,(792)813-4810x250,"6367 Gary Causeway, Pamhaven, VA 43499"
83088f42-49f5-4cb2-8dae-c2d807badf56,Thomas Marquez,+1-962-979-3970x379,"00237 Donna Coves, Middletonport, TX 44822"
095c5048-8d76-4b0a-ab75-6c9380d24e4b,Corey Watson PhD,001-767-571-2312x678,"006 Christopher Loop Suite 830, New Dawn, ME 50327"
dbb14d67-13ec-4a9e-9572-067742b1d0dd,Andrea Jacobs,001-703-695-4103x9098,"1974 Patrick Summit Suite 394, North Ericshire, NM 08797"
e37d186f-7c37-4773-ba8e-fd01da5945d6,Kelsey Graham,(016)922-0163x0446,"9388 Matthew Plaza Apt. 270, Martinstad, RI 74063"
86f05e19-23c8-4a77-82dc-e7c1047e3cb1,Richard Jones,001-181-927-0835,"36397 Moore Stravenue, Terriside, ID 28821"
c9be472f-dd6c-43a5-8e7f-4798f33ae8c6,Erik Anderson,-2368,"438 Grimes Corners, Shawchester, CO 78301"
b1d7c3c8-4cf5-4348-8087-726ae91ece1c,Yesenia Thompson,640.004.1558,"38249 Kristi Manor Suite 934, Reneeside, NV 93334"
b34ab5ae-75d5-4bbc-ad1b-f26f6fc0014f,James Meyer,760.314.1227,"618 Vincent Grove Suite 670, Lake Olivia, MI 27038"
55b101ad-e9ce-4a04-a106-ee5fcdfaed3e,Daniel Turner,(284)802-3623,"238 Lindsey Walks, Lake Stevenborough, MT 22496"
8e575842-15e6-4a8a-b3a6-25a272e5e923,James Cruz,712.180.1036x74656,"93300 Heather Gateway, Mckinneyberg, SC 67306"
2c3bab41-7af8-4f5f-af36-1d743ee08697,Kyle Bell,(548)420-7396x574,"5596 Riley Square Suite 933, Robinsonhaven, NY 18885"
0caf77b0-85f0-4bbb-b2d1-5712fbdc612b,Kelly Mccullough,001-875-464-7803x47103,"32925 Smith Shoals Apt. 092, Suzannebury, NM 97276"
ac99ef1f-bedd-4b5d-960c-f486c3b666b2,Henry Perkins,020-984-5363,"2998 Willis Wall, North Brian, PA 04610"
6c4e22ca-dd88-4fc9-8bdf-4d5e4f5fbe50,Mariah Taylor,645-930-5254,"541 Brock Estate Apt. 848, Franklinchester, GA 80124"
df4d894b-c55f-484d-b442-d3a02a206c18,Pamela Parks,001-191-274-1644x15881,"16670 Welch Dam, Lake Philipshire, IN 06885"
a84825f2-df78-4bd8-8058-b1c4b08e271b,Thomas Orr,9628466807,"239 Mariah Ports, Robertsview, MO 90238"
e6eebd06-a308-4c28-8541-708e4d29c229,Mark Williams,001-104-228-2150x52591,"7577 Christopher Mill, Frankside, OH 56320"
c02fed8c-9133-4d6b-b4e3-c18d6c09e24a,Susan Thomas,(852)122-0691x1849,"9597 Hall Parkway Apt. 655, East Autumnfort, MN 57544"
40aec160-b60f-41f4-b204-43d951998f6d,Dana Johnson,109.505.2547x76037,"207 Marissa Square Suite 973, Lake Shawnburgh, NV 41821"
282b0113-651e-401d-9720-13792a6105a5,Veronica Bradley,+1-286-635-6433x4389,"3959 Marc Divide Suite 828, South Timothyburgh, MI 79830"
00c30e39-7fea-4417-bd36-3bafb6df2ed9,Robert Fernandez,464.835.6500,"287 John Heights, Barnesmouth, TX 97852"
3d6fea22-906b-4b29-9ad7-ec1d1daf9fde,Shelly Cruz,052-498-7486,"3111 Melissa Prairie Suite 919, North Blake, VA 41407"
33aa19c0-9c1d-4169-845e-6ca14cd6c2af,Kevin Myers,(998)344-2293,"7429 Harris Dale, Dicksonburgh, OR 02754"
1de6487c-037f-4f8b-8145-33e3acaaef23,Matthew Gregory,001-419-493-0239x06227,"27573 Leonard Field Apt. 574, Amandaport, LA 72901"
c535e120-907a-4219-b363-e395c88e7006,Christopher Wilson,001-182-726-4832,"5680 Whitaker Loaf Suite 828, Lake Austin, NV 68166"
fdd932aa-12ec-497f-bc0c-ac228723db82,Virginia Clark,611.861.8720,"96618 Alicia Forge, Davisville, DC 79641"
07f8a5cb-dd66-40f7-8f20-b0c0e23bcd55,Kenneth Fowler,(964)790-5530x37383,"77194 Myers Street, Natalieland, DE 65557"
48f5f122-7fab-4467-bb46-efcf425e604b,Marc Davis,(630)742-8521,"153 Virginia Pike Suite 660, South Chris, TN 20825"
e6a4679f-0492-42ac-9761-9d4413a428c4,Sandra Burns,(929)643-1227,"PSC 8620, Box 4791, APO AP 48561"
85cbd3bb-8594-4230-b676-999fe9ff0866,Annette Snyder,009.174.9486x23198,"303 Jasmine Spring Apt. 299, North Daniel, KY 82153"
7ea42b2e-2eec-4123-b993-d528d8ac1f4c,Richard Lane,1270554660,"Unit 3319 Box 2383, DPO AA 42401"
d8dd90ce-079a-45fa-a406-735c648ef857,Alexandra King,001-882-598-6341,"44152 Johnson Row Suite 048, Mcdonaldshire, NC 26014"
1b2e7848-d666-4644-ac68-faf3e4905bb2,Adam Rodriguez,(437)748-6297x4203,"064 Howell Fields, Robertberg, DE 33264"
5c3aa6b0-a44f-49a7-91f0-ee2183d9b313,Nathan Kennedy,(566)659-1187,"673 Walsh Court, Brownport, GA 40002"
43afb88f-a1dd-4d31-8d52-108773cbe601,Caleb Barnett,020-155-7335x97482,"USCGC Smith, FPO AE 14543"
a483a060-c1c1-474e-aebb-0020c5f10216,Daniel Gardner,411.894.0312x72274,"PSC 2790, Box 8601, APO AE 41107"
b169822c-b0f7-4c42-95da-79acf42cda65,Randy Clark,001-637-988-5260x9693,"7454 Jacob Forges Suite 505, Howellport, IA 03255"
94fd75d8-97e6-4398-bea1-2bac4fb62b38,Mrs. Kelly Santana,695.820.7677,"317 Donna Stravenue, Austinborough, NE 03492"
4f5e74bb-4a11-4d31-a8c1-ca6359510c6b,Michelle Cooper,3946784101,"3476 Courtney Roads Suite 726, Hardinfurt, WI 77334"
a5b9ba93-33ba-473b-8e6c-91f2abb88cf2,Elizabeth Kelley,692-506-7741x3536,"27112 Jeremy Fall Apt. 866, West Randy, ND 05463"
11174211-a3fe-452f-bc85-6dce79ac4988,Christopher Kemp,+1-174-446-0945x71043,"USCGC Schultz, FPO AP 27482"
6e276832-ef61-46bc-978b-154797b19889,Barry Williams,504-400-0902,"1920 Laura Club, New Kimberlyville, CT 64363"
c940e63d-477f-4293-bef5-beb89eede96c,Brian Robbins,828.125.6821x808,"8589 Stout Garden Apt. 296, Jillstad, MN 03248"
840a89c9-42d6-4b80-840b-d088c4fcd801,Charles Yang,001-322-177-2442x025,"18724 Lopez Crescent Apt. 561, Kimfurt, MI 04694"
2aa23a71-09f6-4016-af8b-7b45408f7307,Crystal Johnson,001-684-240-4156x04324,"73999 Ricky Via, West Adamburgh, HI 53524"
6d6eaf99-6eff-4b70-b7e8-39d6c799832a,Joshua Gonzalez,8378799555,"5273 Duran Bridge, New Kaitlin, WV 51921"
029d647d-cc83-4e11-bc96-1eb0b9c45a40,Michael James,341.290.4212x426,"8677 John Island Suite 446, South Sharonhaven, ID 55797"
5d5d5d66-bbef-4737-8ffa-217f7ea273a6,Matthew Russell,681400768,"787 Linda Throughway Apt. 953, Russellbury, GA 79975"
1bf81d4c-e1c8-4934-a6ac-8b1961c57215,Carl Villa,727-475-8305x84689,"221 Lee Burg, Ruizshire, AR 18757"
a7f0187f-6089-4270-8320-98e24ed2f24f,Kristine Hart,452-750-5119,"495 Kaylee Shoals Suite 663, South Melissafort, TN 65093"
371ad705-839c-4328-aa2e-b357f44bcd4d,Brianna Pacheco,001-634-127-5547x53272,"2189 Daniel Extensions, Lake Leslieview, TN 93999"
649073bf-8184-49f5-94d8-6f3b2ad7c3c9,Mrs. Erica Murphy MD,001-034-228-2731x84106,"7220 Edward Crest Suite 914, New Beverlyborough, WA 40101"
e5fd4f7f-3803-4ce3-ae85-7823e7b344e1,Jennifer Jackson,452.642.2138x571,"7025 Victor Fort Apt. 276, West Karenville, DC 26627"
d2e0f791-44df-4439-ad1d-d55742965616,Joshua Keller,978-440-9924x38814,"78889 Berg Island, Jeremymouth, FL 68610"
d08c08ba-004e-4dab-b43a-e179550bbc57,Sarah Hester,201.802.1054x3103,"8956 Philip Canyon Apt. 907, South Ericborough, OR 83879"
83243646-c0b0-403c-90f5-dd1e486b9055,Thomas French,001-447-586-7548x47856,"0374 Patterson Streets Apt. 273, New Shelley, CA 35979"
7bfb20f4-fe72-4bb9-8f00-166695164f9d,Katie Matthews,(717)362-1080,"192 Anna Rue, Michaelville, NM 16965"
0a7bc549-ea40-4e6e-977a-8436b669bbdc,Steven Harris,997.941.2613,"USNS Thompson, FPO AP 35328"
1c98754b-330c-40f1-8947-4de77084c15d,Michael Jackson,001-581-160-0356x356,"79743 Savage Circle Suite 521, Sherrytown, RI 82489"
672469e1-3ab3-4e28-993e-47d380c7e6a7,Charles Grant,001-571-647-4060,"24549 Tracy Mills Apt. 952, Aguirreport, HI 76211"
c0c68cf4-42f1-4f5f-8f12-31a3ff71b151,Brooke Fisher,001-878-265-2859x21131,"65459 Ramos Path, West Morganchester, IN 99716"
2ed2f4a2-def2-4639-963c-5105717335ca,Kara Boyd,+1-653-954-2243x156,"926 Elizabeth View Apt. 266, North Ericabury, CA 28803"
c11913dc-251e-4201-985e-1966792a3c5c,Jesse Grant,+1-122-999-0743x807,"327 Abigail Ports, East Nathanside, WY 00608"
3e3959a9-cdbf-460a-afc6-c065969b85f9,Lisa Rios,-5643,"49250 Mary Ranch Suite 063, Hudsonport, AL 23504"
806ae88b-97d6-4960-9440-957d53967839,Jordan Jones,001-001-266-9238x10066,"0568 Sandra Valleys, Caitlinton, NM 67728"
a622775d-fe7c-49fd-83ea-91e5cfe8b983,Amber Clayton,729-330-3145x54229,"61972 Floyd Lodge Suite 287, Samanthahaven, IL 67742"
ac5444c3-675c-4099-a831-37b23a7bc798,Danny Daniel,-1824,"640 Taylor Passage, Lake Sean, KY 55126"
f1126333-f933-4821-9af4-c92e83351e7c,Patricia Walton,001-435-147-5404,"3533 Jacob Lane Apt. 842, Rebeccatown, ND 88194"
abf9bef6-9a69-47f0-892b-d2697e20d070,Jeffrey Rodriguez,001-384-118-6852x214,"74389 Chris Union Apt. 564, Sarahville, DC 61263"
40044dba-9e37-4f11-aff2-1fb094653633,Heather Anderson,001-767-594-7240x61792,"3416 Hooper Burgs, South Valeriechester, MN 30297"
263b74cc-dc2e-4993-9a5b-809cb96bae22,Danielle Valdez,189-245-7836,"2052 William Rest, North Jessica, OH 14122"
1e91f850-7a94-40ad-b09e-b8d920570d38,Karen Gilbert,459.130.6485x3954,"2017 Mcneil Isle, Scottmouth, MD 84141"
b9e743d8-4e82-4391-9aee-853ea947489b,Harry Cox,(630)698-4690x815,"20843 Sanchez Port, Port Jeffreychester, SD 83512"
59ee60ec-eda5-4861-ab00-69cee40b6ef4,Donna Brown,632-702-0290x150,"4495 Duke Trafficway, Archerhaven, WI 07048"
a9e5fec8-1919-48e6-b586-ebcde3fcdec0,Patrick Mccarty,210-981-9967,"98583 Cheryl Plaza Suite 698, South Ashleybury, KS 73468"
f04b29a0-f7cd-47d3-90fd-5ce36cae2b6d,Nancy Nicholson,001-484-771-9451,"015 Angela Ports Apt. 004, Rodrigueztown, WA 31501"
cc2b033a-3fb9-49ea-bdc2-57cedc12cec1,Theodore Turner,369-774-5099x941,"67454 Jenna Plaza, Owensfort, CO 90556"
447a4c89-eb40-4542-bd84-2b902fa2436d,Kristen Rowe MD,506-524-7088x45495,"79259 Neal Overpass Apt. 723, Tammyville, SD 06748"
4f71e359-d57d-4321-8935-d8195a5e18fc,Ricky Lucas,+1-050-074-3271x680,"04689 Pham Isle, Silvaview, IN 06698"
b003e94c-70c1-494c-9d3a-cd568598024a,Cynthia Mills,6508318308,"Unit 2397 Box 8762, DPO AA 34901"
94f5fcf7-0130-4ced-ba5a-f92a9b02ecf0,Isaac Lowe,001-543-600-1295x9200,"212 Amy Lodge, Smithport, WI 74360"
c11e732b-3f67-4e83-8cf1-a7026a2a33ac,Cynthia Calhoun,(551)955-1635x942,"281 Perkins Points, New Gabrielview, KS 59044"
62f904b4-665e-41f0-821b-7d03514312d9,Jason Davis,(425)715-5452,"29796 Kathy Lakes, North Scott, OK 12916"
51471302-b32c-4c4a-8b21-552c0d7e51c8,Whitney Roberts,001-360-936-9779x666,"51897 Barbara Loaf, Lake David, NH 41606"
d8c80f8a-4af9-4ab6-89d8-77fde98779db,Gregory Campos,907-243-5049x6303,"49832 Cunningham Shore Suite 579, North Julie, TN 56010"
967ad665-a456-40f2-964e-6ae684d46a03,Robert Roberts,469.373.2770x6384,"44223 Anderson Key Apt. 992, North Davidview, LA 37668"
187d6195-dcd4-4ef3-bf9f-b509b33937fd,Douglas Duffy,(164)598-8418x800,"759 David Manor Apt. 948, Pamelaberg, AL 17022"
cf0caae0-5cbb-41a4-a495-6068a6a9f1f5,Jacob Johnson,899-681-1983x35862,"53691 Clark Course, Lake Kariberg, IA 86650"
6645f5dd-dc55-4aa5-b551-8092f11a3ea3,Carolyn Durham,(633)084-6381x9554,"390 Joseph Row Apt. 015, Dannyport, IA 40217"
fc5e2eff-62a1-40ee-89e9-f264e2d37738,Amy Myers,(532)320-9077,"3391 Thompson Hill, South Shannonfort, WY 63283"
a4c33373-ff04-4958-b64b-c9b2bf268fe9,Jesse Moore,965.646.2298,"594 Kevin Ways, South Jeffrey, MD 03701"
051f8efb-0544-4179-b502-b7b12b58f8ad,Andrew Pennington,001-098-000-6947x50861,"0051 Natalie Pine, Port Ashleyside, IL 78104"
0568ec51-12b8-4e12-9441-721bd9ad40d8,Samantha Garcia,(128)337-9463,"32671 Jeremy Track Apt. 267, Scottborough, AZ 72908"
d8b3e0e7-11b8-4f39-9c06-4ca604fe2c74,Mary Moore DDS,001-204-697-7965,"48835 Allen Pass, Nelsonfurt, WA 42439"
177fdedf-f2c5-4f47-9fe3-f96a30002680,Dr. Sarah Turner,136.825.3673,"1977 Traci Route Apt. 844, South Philliptown, GA 08421"
7ddd634a-1e11-419b-8429-8f2ee94a4c14,Gary Simmons,001-604-799-0102x9832,"PSC 5628, Box 4731, APO AA 19777"
1f4daa9d-5e76-479f-bf4d-fdc578da2393,Danielle Smith,001-074-480-6792x020,"50783 Archer Circle Suite 772, Lake Daniel, NC 12915"
fbd7655b-4c3c-472b-9441-120dafbc37b0,Lori Joseph,001-865-439-0541x9921,"5462 Jennifer Fall, South Kara, VT 96447"
8c52a3ec-a861-4437-909c-5cba241cbd78,Larry Patel,309547944,"17811 Frank Mall Apt. 845, Jonathantown, CA 86522"
5bfdae72-b6aa-44e9-adea-4360b5d60454,Xavier Rodriguez,001-671-172-6268x056,"97859 Ann Underpass, Port Jeffreyhaven, DC 73092"
7cd4f9ba-546a-41e8-9332-62f37c6b504d,Michelle Ho,-7396,"4006 Pierce Branch, Lake Dakota, IN 35732"
8b91e819-b2da-410f-b214-d3c78f6fc538,Kathryn Cunningham,001-153-066-4538x3999,"34227 Bradley Fort Suite 660, New Keith, ME 86460"
9bf5136c-dd1e-4f58-9d26-520de57b9c3e,Damon Tucker,951-753-9901,"44101 Savage Park Apt. 786, Mcmahonberg, NC 60112"
2d0331ff-2b4e-4339-88f4-b540f21becb4,Jason Humphrey,219-957-9376x02448,"071 Carter Mountain Suite 791, Jasonchester, MI 58496"
97588bac-5180-43fb-95b2-b8eb3d8fad22,Paula Olson,(149)392-8412x089,"742 Margaret Mews Suite 460, North Johnland, MS 62078"
d2203f09-ecca-4e26-b1db-01aa265418b9,Autumn Shepard,(790)104-2723,"007 Rivera Rue, North Nancyton, AR 84001"
b39e18d1-74b0-4cb5-b5c5-311bdacad719,Scott Tate,074-182-1558x389,"848 Eric Knoll, North Justinchester, KS 69953"
9073f6fe-69f3-4973-9c05-7291fcd8e8d9,Jacob Sanders,(068)094-9530,"35114 Owens Track, South Jesusview, WI 77963"
5e1d0345-5020-4c98-a0dc-34bc01ff1845,Monica Harmon,(815)545-0164,"USNV Ramirez, FPO AE 18565"
0d2166bd-e0d6-4c7d-965b-ba527cec0a9c,Daniel Jones MD,+1-122-938-1486x05379,"173 Villegas Rest Suite 599, Port Pennyville, MS 55830"
1333a48b-8505-4d3b-a98a-23fe2ae32eb9,Casey Beasley,(684)331-6323x0561,"PSC 1989, Box 0522, APO AA 61007"
a3d1a525-214d-4e80-b5ac-84146a1e5568,Eric Saunders,627-272-6855x10255,"459 Clifford Mill, North Spencer, IA 10468"
714812ba-bbc2-42b3-a0bb-b5dd185fa8f6,Thomas Stuart,+1-355-044-0590x526,"277 Smith Brooks Apt. 770, New Brian, MS 13542"
25fb2436-93e5-41a4-b694-58f9e540593e,Samuel Andrews,960-809-3292x7273,"776 Roberson Terrace, Morganside, SC 13525"
539d972b-cf60-46dc-8f44-c48a97d13fa8,Laura Pearson,+1-077-746-3005x6739,"532 Ferguson Squares, South Monica, CT 92325"
4f70ace9-7316-4a2b-b60d-d303e0e6b96f,Daniel Jensen,(626)871-4655x656,"75315 Nicholas Manor, New Ronald, SD 83056"
2a75c92d-8801-477c-872e-6da33413f7d7,Melissa Estrada,103-413-4132x39654,"PSC 2387, Box 0279, APO AE 00900"
a4da6294-05aa-4324-8ac8-8d8b6fea6ea8,Jeremy Adams,825.422.5645x77629,"6705 Cooper Causeway Suite 757, North Marieside, SD 39251"
eb88b925-c22b-4450-bcc6-d2b22057af97,Sarah Mcclure,+1-715-768-0685x0509,"04883 Gina Parkways Suite 180, Lucaston, TX 96089"
0e93eca6-d6cb-4b56-8df3-f415d26441f4,Katie Smith,+1-996-474-9834x2337,"5395 Bryan Lights, Port Jamie, PA 27842"
b7ce3a4f-f1e8-4195-a02f-6f1ad2d189bf,Sharon Tucker,911-430-0517x4476,"915 Wood Place Apt. 979, Roseview, FL 89842"
daccdbac-f53e-4d41-9289-c4b12fccdf77,Tyler Hernandez,038-568-5189x703,"66988 Daniel Common Suite 684, South Steven, SD 87932"
745236e6-ef28-4474-9445-d1caad6f305f,Donna Weaver,(105)572-8401x727,"Unit 4822 Box 9138, DPO AP 93567"
25c8b679-eaf9-4b8b-bf15-508309a2658e,Andrew Aguirre,(565)316-7998x199,"0587 Donna Skyway Suite 195, Port Brendaburgh, ME 87382"
79bcf696-f704-4960-bb65-e93d45fc1f49,Gina Woods,(580)559-7376x9956,"70307 Erik Estates, Lake Joy, DE 56619"
c1af32cd-ae62-466a-aa8b-0c3c7768f909,Tanner Martin,(165)837-0113,"191 Sherri Falls, Sharonshire, FL 41026"
f3bed455-e6de-4380-81dc-0ad099831955,Mrs. Laura Carr,427-253-3296x76092,"1060 Jason Inlet, Lake Jamesshire, MS 57797"
d7ae0651-5e7d-406e-a7e7-615e3b00db8f,Christine Norris,576-590-0199,"780 Sanchez Forks, Kristinehaven, WV 04843"
fa21f5fd-bfd2-4c5a-8adf-6a44aab571f0,Holly Clark,509.101.3591,"327 Ellis Wells Apt. 882, Port Matthewshire, CA 92863"
759f23e2-00f0-4400-bf8e-eb16ad1621e0,Paul Whitehead,213.344.0128,"Unit 4211 Box 3983, DPO AE 17727"
ccc66c60-1dfd-4b4f-99e2-8c5668d6f17f,Jonathan Petersen,156.820.6992x9265,"353 Li Causeway, Dicksonmouth, ND 42602"
c3a12c53-5753-44a5-a69e-f9490978dc01,Ryan Johnson,189.649.8230x7137,"0954 Alexis Burg Suite 021, West Larryland, CO 29854"
a4ac0d03-fcd1-4706-9043-1479fb2c3af2,Lisa Buchanan,+1-559-970-8976x4903,"63600 Eaton Trail Apt. 429, Lake Richardview, AK 05732"
829cfbf8-3f56-4d83-a8f8-c201c2388487,Nicole Reilly,(395)468-1873,"9494 Jaclyn Isle, Joshuafurt, DE 92237"
22307412-ec12-4ad7-8ae3-a29b248f5e5a,Craig Banks,+1-345-877-9638x75139,"01386 Shaw Course, Phillipsfort, AR 41071"
40ce0c4b-bca0-4eaf-a1e0-1771d22941b8,Krista Glenn,(972)830-7933x930,"6529 Bryant Mall Apt. 305, Gallegosmouth, TX 43666"
ea84617e-310f-4850-aead-32f01e0e30a6,Carlos Mccarthy,3844317187,"8103 Michael Way, West Linda, ME 25927"
d4ab17b9-d7bc-4553-8639-3fc91cb242c1,Kayla Nolan,+1-644-641-0092x38082,"229 Case Shoal Suite 948, Lake Jennifer, TX 47367"
f05d232c-2a59-4105-809e-47c8bda8c0c7,Daniel Walker,(487)474-3532,"366 Esparza Keys, Stevenberg, NE 49887"
e025be7d-c5d2-4d00-a1d6-c993864764c2,Nicholas Barry,4980790699,"USS Smith, FPO AA 23563"
b2740cc2-72ee-454a-95bd-b5f35a644c8c,Andres Cook,4616653329,"7829 Jill Haven Suite 912, Tracibury, NY 45190"
09e02698-d905-4818-840f-22b02d7d35c4,Jennifer Armstrong,001-157-012-2442x32558,"083 Huff Extensions, Harrisonborough, NV 72108"
a5716aaf-a07c-4beb-99ea-33c7b9b39707,Eric Perez,769.451.1237x82072,"03239 Matthew Trail Suite 459, Marcusport, MO 10183"
2de00eb6-f99a-4b51-8ba7-35d5b582f677,Katherine Williamson,956-110-2895x30181,"4570 Joshua Isle Suite 501, North Lawrenceshire, DC 98234"
2e997903-1b53-4529-acbe-bb9078336f98,Thomas Garza,938-583-3297x621,"5465 Crystal Brook Suite 251, East Allison, ME 77176"
2b578f2e-e2e1-4380-81c1-8df6f6c5c122,Victor Alexander,(861)993-7685,"49623 Darlene Vista, Boyerhaven, WV 23452"
1970701b-cf2f-4ea4-a218-0c73a25ecd08,Mary Yang,903-911-0332,"615 Leslie Underpass Suite 185, North Wandaport, VT 05229"
6fec1360-fff0-4982-8084-8b79adf5a84c,Carolyn Brooks,(427)633-1162x798,"10723 Duncan Corner, Lindaview, NE 16047"
6fa7bfc3-9977-4392-b8b4-71247fce6011,Jenna Smith,846-957-4007x2103,"833 Hamilton Unions, Klinefort, WA 75527"
6750dd34-985c-417c-9d21-eb9d1a214070,Cindy Gregory,3524308668,"1205 David Cliff, North Jenniferville, MS 80999"
1aabc3c6-1103-4ed5-aeca-5acaadbc166f,Jeremy Lee,001-988-032-0974x4992,"PSC 8965, Box 1218, APO AE 62608"
0b7c4271-02d0-4485-8eff-c094a804bf57,Lance Phillips,447-734-9867,"98616 Gonzalez Streets Suite 930, North Jenniferstad, VT 27369"
5daac158-23fa-44ee-b2a8-42005aa133f6,Brian Camacho,644.694.6922x0120,"763 Brown Trafficway Suite 799, Hudsonshire, SC 23284"
bdfe460f-664b-4ae1-99fe-cb4b3ffd7525,Mark Tran,001-864-291-4646,"84309 Davis Streets Suite 659, Kirbymouth, AL 08187"
01fad946-cd00-4859-9190-697d38071cf9,Jonathan Little,+1-616-535-5552x5514,"426 Walker Cove Apt. 472, Sarahview, AL 31826"
5df0ba74-4a41-49d7-9487-7bed2c1755e4,Todd Garrett,001-704-273-3511x477,"821 David Groves Apt. 894, Lake Sarah, IA 49508"
f1cb3241-3343-4a6f-a8d4-ebee0fe486f3,Devin Larsen,001-524-314-6657x11832,"0205 Mitchell Throughway Suite 520, Frankmouth, DE 57833"
30ea39fd-ed80-43c9-bda8-e98474a1c2b8,Sarah Kennedy,076-342-9771,"684 Kennedy Island Suite 111, East Gwendolynmouth, OR 61495"
2d6fa26f-f48f-49db-9793-799a93344817,Alison Weaver,(685)252-3762,"1250 Kerry Valleys, Samanthashire, IL 51979"
4d2f6f85-278a-47db-a490-1157843b9945,Justin Adams,001-691-458-8644x17347,"05624 Dakota Turnpike, Port Kyleport, DC 56663"
1c2dc900-7705-4e8e-aa1f-f18fe3de0a32,Isaiah Barnes,001-849-763-2742,"44415 Adam Circles, Alyssaton, PA 85911"
aaf445a2-95c3-44b1-be45-93d14f4ca991,Dr. Christopher Cohen,395.200.0310,"43856 Michelle Garden Apt. 763, New Kathychester, VT 65096"
e58412ae-0b77-4f14-8cd1-9c2b51d28ea5,Jennifer Collier,812.925.9296x59664,"683 Miller Spur Suite 805, Kimberlymouth, SC 94401"
f6e97829-da8c-4dbd-92c2-76a7e94cd7ba,Stephanie Gill,101.424.3119x30464,"23162 Jones Turnpike, South Kimberly, NC 29740"
56ba7d9a-20b0-4662-93ad-7d791917e3b6,Katie Hutchinson,953.214.7806x367,"80838 Johnson Curve Apt. 813, South Nathan, MT 26592"
28cd1214-ae02-4be6-aa0b-2f73eecfcab2,Briana Hall,+1-645-244-6533x362,"20559 Kelly Views Suite 202, West Steven, IN 69833"
a837daeb-dde2-4954-b2f0-71cc75f7a2e3,Christopher Leonard,920.906.2039x63706,"7057 Todd Well, Lake Sharon, NH 43384"
ba76e732-3f46-426e-861a-ed9b5d2f51ea,Angela Chapman,001-016-431-5357x8683,"7073 James Inlet, North Todd, MO 51705"
3b625a6c-b0df-486f-ac4a-13de9e7744ec,Thomas Miller,791-136-5409,"851 Wise Brooks Suite 006, Adamshire, HI 32513"
31873602-969b-46cb-b39c-a96bc1b42ad7,Tammy Romero,+1-924-772-3421x321,"0235 Bradley Brook Suite 290, Greenstad, OR 14365"
9e0643b7-ad66-4263-ab40-2d730704fb52,Tracey Nelson,(565)538-4730x0452,"6302 Thompson Vista Suite 494, Lake Sarastad, OK 48594"
2e347086-62cc-4910-9c00-2fce4a4a9a3a,Samantha Mann,938-340-8258x39453,"Unit 6586 Box 5566, DPO AA 31099"
8aceacde-9268-4eaa-8a36-6171f582e1a7,Melissa Booker,572-878-1432,"058 Eric Orchard Apt. 936, West Brent, MI 71151"
62722fcd-dad3-4e25-abb0-5ffba9ac1305,Melanie Camacho,8909637742,"61141 Pope Curve, Wilsonborough, HI 25819"
d3d67523-1cee-4999-80b9-7de23ade374c,Theresa Richardson,834-383-4139,"19509 Beck Fords Apt. 879, Chelseabury, WA 18765"
253590c8-e040-401e-8a81-53f2c36e9f69,Paige Romero,(713)757-9642,"740 Carolyn Stream, Port Maxwellside, NJ 57704"
b24f3648-6fe3-474a-bb6f-c62837bf6486,Laura Fields,130.564.5895x2521,"5615 Mary Parkways, Sarahview, GA 74436"
b663f235-144c-40ab-ae8e-34256f4a8add,Cory Davis,472.638.8872,"7859 Jason Circles, Nicholasfurt, NC 53357"
b0da4ef3-c6dd-4de4-88b1-40f5799321e9,Timothy Thomas,292-719-5993x896,"166 Rivera Port Suite 671, South Timothy, WV 28585"
d681d616-6080-4c63-93d4-fc4f1375fbcf,Michele Petty,001-529-829-8733x867,"98448 Laura Overpass, Ronaldview, AZ 72117"
b8100206-b28d-47a2-b78b-0e849cd263de,Kaitlyn Olson,576.849.0113x33458,"38105 Henry Locks Suite 025, West Dustinchester, NM 62007"
ef67e668-15ca-42f7-8e72-755392ad6085,Samuel Case,559.296.6558,"1463 Stacey Pike, Walkertown, AL 38824"
b814c5c4-d62e-4d59-ab7e-570b640e017c,April Brown,+1-385-551-8940x201,"USNV Walter, FPO AP 96526"
d653db99-1bcd-4229-a336-c614ba1979ae,Charles Floyd,001-390-685-6667,"4151 Crosby Pines, Escobarville, RI 00578"
ca5c635f-0ede-4cb3-9e77-0382715b30ce,Thomas Nicholson,(500)925-2749x7541,"0764 Lee Landing, New Pamela, IL 50715"
8906959d-4027-43ff-8b1c-22898972ce90,Carolyn Barnes,+1-597-296-4384x595,"163 Hayley Fords Suite 583, South Karen, WA 62988"
1c5650ba-4295-4ef4-8375-92a56274def2,Pamela Anderson,001-452-099-8626x7047,"9681 Harrison Hollow Apt. 064, Forbesshire, NJ 51122"
72c963d8-e9ca-4a48-a198-e93596b1b656,Monica Jacobs,(549)728-3417,"58790 Tamara Stravenue, Schultzview, SC 78004"
9b29e5fa-13db-4d1f-ae95-5d8228fea1c6,Matthew Flores,131-860-6943x28158,"862 Molina Brook, Johnland, NV 39163"
47ca69c6-889d-44f6-8c0d-2853c088ea0b,Stephen Williams,001-090-390-2138x66511,"22837 Ryan Passage Apt. 854, Wallaceshire, SD 99372"
81c5afb9-7232-49e2-8088-10c76bcf067f,Bobby Flynn,-6022,"351 Brian Islands, Myersfurt, MA 47560"
f32c4974-287b-420a-83c0-42fac7aa5f61,Patricia West,-7957,"59909 Kendra Plains Apt. 319, South Tracey, WI 88890"
775a5ec1-1b94-4289-a770-7b8916343035,Lucas Austin,7002072362,"28031 Amanda Avenue, South Kimberly, VT 72914"
e4a7d227-fe69-4a15-95cf-6c501beb2786,Rachel Oconnor,001-907-864-0727x313,"1626 Collins Loop Suite 816, West Saratown, ND 63583"
774d4235-1ead-4741-9f66-5d8dd4662b5f,James Alexander,578.830.5334x4664,"29738 Prince Parks, New Dominiquefort, AZ 02810"
307b558d-85be-4e0d-8ca2-6471fd1e3d6d,Lisa Mcdaniel,918.326.9423,"4243 Clark Village Apt. 824, Jeffreybury, WA 02890"
c9a98647-f4a6-45a1-b8d8-4d3a6b78133e,Michelle Snyder,-9535,"594 Jessica Alley Suite 165, Loganstad, WY 20953"
8b9beabd-4d51-4473-b867-77f3b759a4df,James Sanchez,234-479-4340,"559 Timothy Roads, Kingfurt, AZ 57459"
ee77f7f2-72d5-4d0e-b523-d394ca45100b,Benjamin Decker,502.787.6802,"1018 Sarah Plains, Elizabethstad, IL 62131"
0e44d8b3-eb4f-499d-91f4-70b365c35db3,Lauren Clarke,001-440-372-3500x75860,"81378 Brian Mills, East Tanyaton, GA 59852"
5f2ffe7a-6dc9-4c6e-acad-55e95496ed74,Stephanie Davis,+1-586-979-3314x67624,"USNV Shields, FPO AP 34821"
f5fe9acc-3d0d-4d67-a781-78cd63038608,Robert Walker,016.517.0577x049,"98448 Stephanie Walk, South Tammyhaven, CA 46094"
0f2a0871-78aa-4494-a78b-8608a210faba,Deborah Baker,766.641.2888x996,"2684 Heidi Trail, Erintown, AL 33007"
786e7272-0186-44db-a437-bcdeacaff968,Benjamin Singleton,992.588.4617,"9052 Cook Alley, Jasonshire, WV 23650"
1099966f-5f83-49c6-9a0b-c9683b04e33e,Lisa Elliott,335.795.8684x6447,"46863 Nicholas Well, Lake Emilyfort, IA 48082"
b2d5a4b5-de85-42d2-bab7-038221147df0,Marissa Harvey,001-037-674-4910x411,"27615 Clayton Well Apt. 167, Thompsonfort, ND 93530"
83ac72fd-637d-4ea1-a31f-0c0fb61cdec0,Gary Lawrence,+1-326-894-4168x5145,"510 Benson Ville Apt. 314, New Johnnyton, WV 14454"
f05bd4cb-0d00-4983-a535-503e30815c4f,Laura Clark,(327)186-1828x173,"290 Graham Ville Apt. 381, Huffmanburgh, WA 30637"
15be2386-4859-4ee1-8caa-7a14185e5b2a,Robert Swanson,6143963111,"USNS Landry, FPO AE 15726"
a3c54e71-2a30-435e-b29f-471e8a3abffb,Joseph Knight,6021217539,"Unit 2416 Box 5459, DPO AP 15554"
e8310afc-1731-4445-999b-8f5b71d8c1f3,Stacy Lee,(629)133-4646x0066,"1019 Justin Brook, Hardingside, FL 64474"
8abe4fb0-efe9-407f-84be-30eb8368f216,Ryan Berry,(333)011-3375x85590,"765 Adrian Unions Apt. 662, Mirandaside, WY 06350"
5376d91d-d005-450e-8e7c-460475668cd2,Frederick Wiley,(521)356-5523x93616,"402 Cox Pass, Tinachester, NV 24476"
24b55fc7-0b2b-459e-8681-6f84062133dc,David Lowe,058.154.9014,"1819 Sherry Crest Apt. 839, East Annamouth, CT 10481"
292441d1-3353-4b78-ba0e-36bdc7bd1621,Nicole Clayton,001-524-874-3804x35367,"243 Vance Hills, East Mark, CO 14569"
14c5886f-d927-45b2-8575-526e51649df0,Dr. Bradley Hall DDS,(040)014-4566,"675 Duncan Cove, Bensonchester, DE 57808"
eef26189-f069-4e8e-8e7f-dc38a9e3fbd4,Jeremy Jackson,+1-296-322-8133x544,"905 Carter Squares Suite 904, Smithland, LA 85230"
257a0641-f8f3-4a90-99c3-cf4b514b1080,Marissa Escobar,(198)314-1966x17104,"7334 Lee Drive, Lake Tyler, HI 20570"
d2d1dccd-be63-424e-9a2b-957546eef621,Michael Moore,+1-178-836-3780x5164,"753 Jack Burgs, Martinezshire, DE 90192"
d1c5340e-80c0-429e-98eb-a14397d8b347,Gary Evans,825-622-0543,"0848 Cindy Route Apt. 329, Johnsonmouth, MO 58503"
0aadb885-2577-4441-8f5d-e28572fe5e94,Rachel Acosta,771.416.3115x16663,"58244 Sonya Centers Apt. 845, Morrisonfurt, IN 26175"
6079dbe9-29ce-432d-8a7d-d50883fad408,Robert Gates,(042)438-9616,"6103 Smith Prairie Apt. 262, South Pamela, RI 69897"
5925e4b6-ecb6-42ca-bf76-9f6ee0a8dd73,Susan Smith,9244496311,"805 Samantha Islands, New Amber, NJ 63333"
50283d7e-5289-4f42-95d8-f0dcb1d32699,Taylor Marquez,+1-979-973-9188x0900,"3050 Vega Fords Suite 919, West Nancychester, VT 37789"
3c9b4ad9-9d4f-4004-a887-44230e355260,William Brady,(683)502-6761,"43269 Marc Forges Apt. 566, East Charlesburgh, WA 71495"
b5ad9ecd-aa9d-4c82-97ce-9565f7c7a6b7,Joshua Garcia,857.028.2737x2648,"37126 Jeffrey Lodge Suite 448, North Jenniferchester, WA 50278"
ade71864-af11-4d80-b6c1-26dbfce20ab7,Gregory Hebert,4351238604,"691 Rose Plaza, Port Jenniferland, WV 15553"
1fd8a485-2312-44e9-af69-827ddf30d003,Michael Ball,001-906-596-0784,"0443 Diane Forges, Lake Nicolebury, MT 15840"
8b68b872-6f64-44a5-931e-ae8fd3b1671a,Katrina Jackson,(688)377-3314,"4488 Dunn Wells, Sandersview, MA 49990"
45f80f57-379a-462c-9d97-cc7a7b293405,Miranda Jones,001-171-255-1646,"084 Thomas Villages Suite 034, Sarahshire, WA 21723"
ffa72743-66f6-4fc7-af08-2a692dd5a9be,Desiree Morris,(265)501-2556,"959 Thomas Coves, Andersonmouth, NJ 73640"
70cf29cc-151a-46b7-9bd5-5a449af225ba,Nicholas Chambers,365.076.2945x3132,"75457 Aaron Burgs Suite 469, South Jeffrey, CA 77535"
c05746db-6b7b-479f-8f52-a4a5b7ef261c,Dillon Matthews,(456)256-9918x6545,"Unit 9273 Box 3172, DPO AE 88971"
b651e1e2-e98f-4e6f-a75e-ae2108431c17,Heather Harmon,001-432-185-7919x9500,"67695 Guzman Port, East Cynthiaborough, TN 96576"
daa33ec7-2a96-493e-9e45-c6c8a8b0fc09,Natalie Stone,+1-080-012-5778x16287,"2170 Cruz Road Apt. 079, North Ashleymouth, VA 74925"
2ec30ed6-4157-46e0-9e11-58d0439fd374,Andrew Brooks,567-910-3127,"290 Heidi Stream Suite 118, Lake John, DE 87651"
7703223e-2003-4850-acc0-881251e66795,Angela Williams,+1-953-515-2539x0887,"957 William Oval, Derekton, GA 91362"
0d4d5dea-52b1-4b81-bdc8-45085e970c09,Tyler Walter,496.459.0742,"74701 Acosta Gateway, South James, MS 13098"
b205a953-ed24-4d9a-b851-c8230964434b,David Garcia,(829)766-6381,"4766 Powell Locks Apt. 014, Alexandramouth, MD 64751"
05f4fec9-6841-4038-964a-adbf4002e015,Kenneth Skinner,+1-163-043-4166x410,"89423 John Tunnel, North Michellebury, CA 03530"
23afc42a-8170-4e17-a9df-25b37bbc7eae,Carlos Gomez PhD,(657)299-0363x14819,"636 Curtis Lodge Apt. 155, Erinberg, AK 32193"
6368c77b-779f-49a5-83f3-3c405b49eee7,Maria Mccarty,403-269-6517,"679 Stacie Ville, East Thomaschester, WV 34862"
61a0769a-6cf5-4712-b88f-715c4051180e,Jason Jackson,704-226-2316,"5991 Kathleen Valleys, Johnsonchester, KY 33794"
86034c8d-a34f-4e21-9486-bc4891d39dc1,Patricia Dixon,-1713,"194 Paul Ports, Jenkinsville, WY 28596"
7432f29e-6487-4275-8d3b-272ea62aa11a,Rebekah Simpson,(013)828-4973,"44618 Watson Court Apt. 243, Onealshire, ID 27343"
af44421f-4a13-43db-a8bb-0e2ce26c6103,Mr. Craig Reynolds MD,001-349-799-2730x51762,"3398 Jaclyn Avenue, South Sarah, IL 67360"
1af4c648-c666-41f3-a459-8eca5b4515da,Melissa Park,(587)107-3138x7241,"504 Robin Radial, New Larryfurt, NH 75751"
41fec746-51c2-494e-8bb6-24260496513f,Donna Garcia,530.186.8939x5675,"168 Manning Field Apt. 257, Katieview, WV 06795"
202b2588-5808-43e8-81e2-7209f260130e,Erin Mercado MD,2315623169,"60921 Taylor Forks Apt. 755, Transtad, WY 78315"
adfc4765-cfdf-4aab-b1e6-f1d8a78a1ceb,Andrea Collins,+1-203-547-2218x98126,"9461 James Point, Richardberg, NC 99085"
b4f77ea8-ac16-4402-bebe-d8753adff3a6,Steven Mckenzie,(864)590-6049x76321,"49873 Parker Fork Suite 309, Larryfort, LA 72622"
534cc898-1d9a-4f2c-b14c-28338c0e0847,Jason Martinez,001-251-134-6970x6051,"57670 Diaz Crossing Suite 594, New Jeffrey, CA 25550"
b2e9438b-5ccb-4b37-b1af-576d6d68d556,Robert Robinson,(658)272-1894x35541,"634 Dennis Ferry, East Justinview, OH 13654"
e0ce3b75-5733-4d2a-bed9-c14670b6e2e8,Diane Austin,116-182-0793x26649,"1241 Shannon Stravenue Suite 795, Port Johnny, AL 57741"
6b06cab7-0c8c-4788-a513-9790fd2010b2,Michael Jackson,+1-077-855-8997x54308,"27529 Gibson Union Apt. 272, Port Roymouth, ND 43511"
72ddd22b-8a53-4263-8591-0933bf295759,Amanda Dixon,001-949-092-4247x79740,"10360 Nicholas Flat, New Jasonside, PA 71818"
6cc88fc9-1682-4a7f-8a6c-d08289341155,Lisa Sullivan,+1-211-969-3490x17975,"38180 Michael Fields, Lake Micheleview, CT 20188"
a591fe44-1880-4629-916e-8756048fec2c,Steven Mcbride,9144697525,"82294 Earl Street, East Marthaburgh, UT 84847"
9f2df3c0-590c-49e6-9923-774718048057,Elizabeth Robinson,(236)097-1618,"3118 Anderson Plaza Suite 748, Port Caitlinfurt, MA 25181"
c75aa80e-1b49-4a03-852e-2d0e589a3494,Joshua Kennedy,596.632.6333x400,"50493 Melanie Corners Suite 801, East Larryville, IN 61911"
7a193819-f4f6-458e-9160-51076017df6a,Amber Thompson,+1-499-243-0857x0109,"85766 Nelson Light Apt. 907, Lake Phillip, SD 39758"
1ccdbe71-0ccb-4b55-940b-77dd09f2e78e,Diana Dawson,(681)905-7431,"982 Tara Keys, Andrewfort, WI 10284"
ac41bf71-a6ba-4712-a4d4-dd47c508e6e5,Lauren Sexton,(270)623-9816x08902,"8871 Angel Rest Suite 028, Harperhaven, MD 66157"
0fd705da-5d0d-4ae5-84f1-a3287a855ca5,Mary Peterson,+1-495-783-6055x61327,"8582 Stephanie Station Suite 517, South Kelsey, ID 09399"
530b7428-1be8-4f16-959b-086d557b1391,Carrie Jones,(388)151-0922x0222,"909 Mark Islands, Huntshire, VA 68251"
1e678cfd-7ffb-4b53-ae50-569f5b94e619,Marvin Bradley,426.712.4257x43076,"Unit 0438 Box 1935, DPO AE 24404"
ab9e66e3-1e41-4337-999a-bfede44f3615,George Lam,001-911-181-9363,"98585 Watkins Forks, Williamsland, NV 79071"
ced1d2a5-eb4d-4b8a-9a6c-7f26bf54083f,Melanie Robles,+1-411-233-8071x33739,"332 Christian Estate, Wilsonside, ME 60818"
5f5ef2f0-3a2e-43c9-b5db-0d7d378182a8,Charles White,494-843-2200x727,"55631 Lee Plaza, Jonesshire, TX 39300"
2d3c3f59-58ac-4f31-8ba3-067e1f8ee9b2,James Johnson,313.267.1196,"998 Graham Overpass Apt. 370, Lake Kristinmouth, GA 16544"
2f47a786-ce8d-4eaa-aee8-bbdd29142031,Jessica Collier,(620)838-2196,"54563 Thompson Pines, Davisbury, ID 69499"
531d9e1a-6a50-40a2-9a56-f83e0e39a964,Alex Lynch,459.729.3801,"45007 Donaldson Stravenue Suite 369, Douglasport, MN 09928"
8ec1b5c7-ecd0-477b-b116-67fbeb9829d7,Nicholas Jones,(983)601-3262x317,"62068 Cathy Burg, South Jessicashire, UT 61393"
5e8cf9e9-ebe4-4dab-b444-643cda6d3cc8,Cody Koch,001-848-359-6811x98165,"17678 Wiggins Ridge, Deborahberg, VA 04916"
70e3ac46-5169-420b-a3ed-e69fa01f95ef,Penny Cowan,059-662-0261x9587,"220 White Underpass Apt. 537, Heidiborough, IL 35312"
a2e8187c-8492-4ec7-ac74-eae58a58c7c2,Samuel Pineda,4176995893,"Unit 0844 Box 1460, DPO AP 51724"
ebcbab8a-caff-4bfe-82f1-d7e9507d63b8,Carolyn Hall,863-665-5344x52016,"9125 Michael Row, South Elizabeth, NM 06097"
b08777d7-c3da-4805-b9da-e86da216d764,Anthony Bush,051.409.0477x30568,"61328 Richmond Roads, North Jennifer, KY 10384"
18f38731-b853-4f74-89ad-c06ea9bba837,Diane Acosta,1631367006,"198 Garcia Meadows, Jaredfurt, AZ 56860"
63ef230c-00d5-4162-940b-39c88d72f3dc,Abigail Stevenson,990.003.4304x13693,"6950 Chad Trafficway Suite 946, South Robert, RI 35126"
ff4c6e14-7c61-4b21-95f5-2010cb3defc5,Robert Richardson,(557)578-6275,"972 Harrell Trace, South Ericside, NV 62362"
db140f6f-0bfd-4b08-b52d-c65933f3f107,Jennifer Watts,001-180-854-8852x65317,"505 Chandler Prairie, Lake Jacqueline, OH 56472"
5f839bdf-3e40-4eea-a7df-3963a4e75155,James Foster,(596)253-6863x13507,"687 Anderson Islands Suite 298, Port Destiny, CA 50675"
1f37f6f4-d465-4ac9-bcd6-0d4fa254cb1e,John Thompson,622-023-1145x7281,"6629 Garcia Forks, Kimtown, GA 54131"
a9255f96-cb81-42c9-8692-1e1db7655f5b,Sherry Wilkins,884-786-9424,"48098 Hall Stravenue Suite 819, Bradleyhaven, OK 21256"
3cc1c286-98e2-416b-81d1-1f5be1625a14,Cynthia Maddox,403-984-1395x26514,"185 Brittany Place Suite 771, Waterston, DC 54324"
3d6c973d-cbf6-4204-8c01-3a7488ded721,Steven Smith,(680)598-8986x2709,"426 Johnson Mountain Suite 108, Karaburgh, MA 43995"
3141faba-a1f0-4602-9f8e-415f77ab54b9,Julie Anderson,(620)650-9878x7212,"9305 Dale Squares, Karenhaven, AZ 71535"
c90835a8-1497-49dd-9c66-14d3d392ab76,Sarah Nelson,+1-611-259-5616x181,"286 Robert Heights Apt. 184, Port Richardchester, WY 30596"
3c6e7c6a-3009-49a0-a21b-454ba2f8f1e0,Bradley Thomas,587.474.7001x7494,"533 Mitchell Key, Brianmouth, HI 42589"
269a6629-9853-4d2c-889b-52524c6308ed,Dennis Lara,+1-654-478-7956x10043,"17856 Kelly Mountains, Torresstad, MT 03808"
9c7e1482-ae9d-443e-b523-cabaa1c128d0,Gabriel Kelley,266.264.2232x93698,"7643 Douglas Shoals, West Nicholasview, WY 09035"
58702399-7fc3-40ef-8695-156f2f3e9fe3,Brian Johnson,3236149826,"70255 Rivera Spurs, Navarromouth, NY 02205"
ee2b5905-d7b8-4156-b456-89aeaf428419,Krista Boyd,622.600.9647,"6706 Richard Stream, South Jeffreyland, WI 09987"
272de9d7-5168-4ba5-b6ef-530a4afacb8e,Heather Blair,1824273335,"149 Rodriguez Crossing Suite 348, West Thomas, VT 65489"
9f59211c-535b-429c-abd0-70484cf49d72,Taylor Gonzales,2589413042,"35401 Vang Summit Apt. 018, East Reneeshire, MI 86808"
01e2f215-8be2-4564-b583-a04ed1583a60,Abigail Duncan,828-853-0047,"8562 James Forge, Barrside, DE 13557"
13bd090e-a864-42ff-b7ce-2dc6d20d21e9,Jessica Thomas,001-234-437-9542,"87300 Davis River Suite 859, Brooksborough, AZ 83292"
4efafdf1-a105-41b2-8d86-1b33f9f2403a,Gary Edwards,875.522.9295,"6555 Alex Lane Suite 882, East Hannah, VT 16040"
b680657e-30c8-458e-9fb2-190326e89453,Rachel Kennedy PhD,(466)651-8044x1969,"693 Thomas Corner Suite 722, Kellymouth, RI 41378"
b42ac722-04ea-4478-8fc0-7c97d25e67bb,Cheryl Vargas,(310)191-1274,"2194 Montgomery Radial, Liborough, OK 15488"
a9bc2ed5-9e8c-4fb3-8955-9eadeafd2e37,Anne Thomas,633.917.9399,"696 Michael Squares, Port Peterburgh, SC 89095"
889e243e-594a-408d-bf95-70ea73cc04fb,Micheal Gray,685.923.1969x7956,"0210 Hudson Islands Apt. 983, Lake Rebeccafort, NM 31207"
ecba4f25-277d-4cd2-bb85-304c29ac6a97,Samantha Sanchez MD,561.328.8969,"20281 Hudson Mills Suite 039, Mullinsport, KS 73128"
304db0d2-9abf-4be0-a06a-f08ed50664eb,Stephen Allen,(469)531-3720x33683,"6729 Cooley Roads, New Jacob, CO 14657"
dcb85522-d1e9-4884-878f-db95247cbec0,Derrick Lee,094-042-4694x0437,"068 Rodriguez Isle Apt. 748, East Danielmouth, ID 93061"
8f170baa-b57b-449d-910f-f927b5be2999,Emily Blackburn,+1-602-470-7684x094,"629 Chandler Junctions, Colleenside, SC 47913"
511c7355-2f70-4335-92c9-5ef83c78b7f4,Michelle Aguilar,+1-529-919-0607x9386,"95709 Stein Court Apt. 786, Jennifertown, DE 86315"
18b06f11-06a6-4dda-a875-97c0b65ae604,Jeanne Smith,+1-751-880-4918x708,"7800 Lori Valley, Gutierrezhaven, WA 28067"
dceb8d53-8a8c-4b9a-aea0-834f5ff00c60,Daniel Ford,365.130.9073x1522,"13767 Williams Walks Apt. 791, Kayleeberg, HI 22928"
b43f23e4-723b-49b9-b7cf-1f743a9cceac,Jessica Roman,001-316-463-0310x9579,"42294 James Center Suite 941, South Robertfort, MN 78067"
8ab6e109-433f-41fd-adb3-487302010c95,Diana Garcia,(949)028-6836,"91975 Jackson Bridge Apt. 996, Pattonview, SC 88931"
12710c8a-73a8-4f70-b5c7-bdd29b707a2e,Heather Duncan,633-509-5583x93528,"3676 Williams Stravenue Apt. 961, Levineshire, HI 52307"
72a98683-d192-4dfb-a0b8-4ee4f2ed5fe3,Mike George,(785)153-0940,"PSC 4958, Box 1518, APO AP 05581"
b9b692ca-c850-4d64-8820-2ce5722aca38,Jasmine Powell,001-783-508-6878x8996,"44867 Gutierrez Crescent, Gibsonfort, VA 28117"
b4197b4a-cdb6-48a0-87d6-f1f88034f46d,Robert Casey,(836)156-7806x7302,"374 Sanchez Court, Port William, IN 96826"
d5a8270e-865e-4cd7-a89c-988e80f5b6af,Daniel Gordon,-5150,"659 Debbie Unions Suite 941, Bradleyview, TN 68972"
6e3e4c07-f1c9-4150-9515-fc628d2280ea,Benjamin Cole,001-635-745-2724x20946,"86680 Matthew Keys, Cruzmouth, IN 92731"
3d76b2f8-4321-4615-8143-7dc89628abdd,Katherine Gibbs DDS,(900)420-1692,"714 Joseph Way, Lake Michael, DC 30783"
6d2dc28d-c87e-4d1d-8781-a7a313535772,Melinda Robinson,4977557781,"0180 Natalie Streets, South Markhaven, UT 45485"
972c754b-8f3f-4294-98c3-a077b0b0a8f9,Jeremy Nguyen,(602)799-3489x43755,"2881 Harrison Ports Apt. 496, North Theresa, SD 30154"
213e4154-9fa2-4b16-825f-1172f341dee0,Joshua Hensley,001-404-665-4034,"150 Samuel Alley, North Jessicaview, MS 58051"
76fa1ce2-f992-4962-b8ee-48dda63aabb7,Samantha Gonzales,(109)965-3845,"782 Stephen Hills Apt. 537, Juliafort, MA 93634"
ba71d48d-4415-441b-add9-cac99ab5868d,Heather Salazar,+1-479-588-1182x94974,"52384 Lee Course, Taylorton, TN 42897"
1424e421-b69b-4717-9007-b2e39783cdd6,Michael Pearson,+1-336-022-4108x4600,"04876 Destiny Row, Lake Cindyshire, GA 81397"
7e08cdc3-12b4-4b65-898e-9753cf396488,Arthur Levy,(052)623-3784x870,"463 Case Rapid Apt. 640, North Allenberg, AK 39287"
cc796326-b87d-4d14-bb3c-d78903d93a08,Manuel Hicks,(705)473-8569,"391 Williams Field, Jenniferfurt, MI 68550"
0e56556a-38e7-4277-ba61-c85711488abd,Kenneth Garcia,-1719,"0510 Byrd Route Apt. 540, New John, TN 80961"
3e5e8797-6f58-4dcf-b59d-f83340a41097,Ashley Marshall,001-854-993-0756x7278,"855 Cobb Squares Apt. 884, Port Michael, WV 65415"
8c3d7361-c8ab-463e-afcb-56b17d2e1c00,Marisa Ramirez,(514)800-7105,"8840 Perez Corner, East Matthewstad, GA 93573"
a709fe7c-415a-4056-a98d-cee39ab1834d,Nichole Barr,7197950242,"623 Lowery Mountain, East Stephaniechester, TN 16829"
e7d3bb99-68fd-4e0f-afe1-bc957532ca52,Isabella Gilmore,+1-515-075-4824x161,"213 Cynthia Ramp, Evansport, AL 60235"
56742c41-213f-418d-9a57-8796cc1e6a7a,Jesus Johnson,(859)642-9805,"2852 Deborah Burgs, Jacksonview, MO 04434"
451467d3-aeff-423a-a04b-d5c4d1200687,Melissa Jones,+1-611-364-2472x63468,"17536 Kirk Course, Amandahaven, MN 61747"
efb6a86d-6bd2-427b-9d39-4beadf632ece,Johnathan Jones,(567)382-8166x495,"5531 Harvey Cliffs, Jameston, NC 46447"
2a531e42-9ec6-4e16-b4ad-f606c950fd5f,Lisa Thompson,(403)870-6183,"732 Moore Isle Apt. 685, Kimberlyfurt, NV 51552"
b358b204-f291-41b6-94b5-0bdc601de6ba,Stanley Bryant,290-074-3109x77339,"480 Frost Stravenue, Wisechester, VT 11932"
b8404d25-177e-4d8c-aac3-692efcd97516,Monique Austin,938.711.0288,"7214 Robbins Drive Apt. 995, Angelahaven, MD 59215"
9bc3160d-4b14-472a-a47d-ff60955e879c,Laura Herman,276.916.9290x332,"523 Shea Springs Suite 538, Greeneborough, MN 33647"
fc9249e4-1ad5-4c3d-8cca-733b65ca2d84,Kimberly Reyes,3075452646,"9073 Malone Vista, Davidville, ID 09798"
19f984ae-54ff-4158-92bb-fd63b09d6a83,Jessica Tanner,001-348-986-2078x9617,"6080 Rogers Shoal, Katherinebury, MI 33930"
cd809c1e-fda1-47cc-9411-7b7029bc116c,Scott Silva,(476)720-5051,"40389 Erika Run, East Latoyafort, HI 18783"
31c65373-91b1-40f5-b474-3472c3e82260,Colin Reed,195.059.1054x47228,"117 Roberts Dam Suite 514, Matthewton, GA 74764"
d9bb5398-118c-4ca1-8b75-8ad38cad7c25,Duane Brown,364-327-3560x03673,"4946 Moore Point, Smithport, CT 87038"
86640f45-c313-43a9-b649-3e54f61c12ff,Joshua Matthews,(595)999-0671,"38382 Wood Square Suite 927, New Deborahville, VA 71349"
0bfd95a6-390e-417f-b6aa-967558e0d989,Jill Sharp,(858)859-8612,"7809 Gregory Manor, New Kimberly, GA 91118"
e85640ee-6256-422d-aa80-3c8dc69b2122,Donald Thomas,727.303.0408,"783 Lisa Haven, East Gary, MT 47069"
a8a30f41-8934-4521-aa36-f2696de4609b,Lauren Stevens,209-089-1657x0646,"12847 Griffin Hollow Apt. 399, Flowersmouth, TN 51992"
c258ae5a-e2d5-4826-9412-591b73da3645,Jimmy Sutton,430.205.6823,"PSC 6301, Box 1310, APO AA 34890"
3cbec554-e82d-4b0c-81e6-84ceb83dd4b6,Linda Taylor,(935)798-7575,"58073 Christina Courts Apt. 911, Rhondaside, ND 11158"
4a00bdf1-0b00-45ae-a80a-4f0b5e9c5b20,Marcus Hutchinson,435.919.6017x9726,"25854 Gonzalez Mission Apt. 711, Johnfort, MI 33198"
c0d4ca6d-381c-453b-ac90-d57fa54bdb2f,Leslie Olson,(589)372-5313,"4003 John Ridges, Elaineborough, NV 38609"
b61af4cc-c993-4574-96d2-443ed3b1ffcd,Philip Allen,361-216-5100x2646,"711 Darrell Gardens, Nicoleborough, AZ 51605"
43b73c27-38cd-4163-8959-c432f999e15c,Nicole Bryant,(641)994-2226,"165 Keith Bypass Apt. 854, Castilloland, LA 71985"
7eeea058-1868-4b2f-9a1d-ddeab55d40cc,Amber Burns,(307)057-2112,"06632 White Corner Apt. 292, Jerryburgh, KS 25172"
4b815998-2057-412d-9906-c91a2c821e02,Jeffrey Carroll,330-804-1595x13598,"PSC 3445, Box 7098, APO AA 48797"
6131519b-9b40-4b33-b226-c2d78912eb20,Roy Sanchez,001-690-249-7048x11370,"56761 Dickson Points Apt. 084, South Joystad, TX 17097"
881688f4-7438-4d76-8778-32bd2a221960,Christine Keith,879-672-5893,"7830 Megan Points, East Stacytown, UT 96754"
be87f405-5016-487a-99d3-f7fbf783c3a3,Michael Roberts,(307)579-9385x545,"70513 Isaac Ports, New Davidstad, DC 74698"
23c0bb03-13d7-4a5d-b813-30a113773e61,David Fuller,(675)228-8263x318,"8412 Edwin Parks, East Stacey, WY 89821"
531423d5-3d37-4f5e-baa9-7c3e6fe5c4f4,Laura Harper,038.687.0901x30053,"Unit 0708 Box 3425, DPO AA 29566"
54960d8c-ba26-432b-9042-98549564e7b6,Adam Riley,566.540.1057x723,"6018 Ramirez Turnpike, Jeffreyville, WV 22837"
e1aed2ef-edcd-45ef-8cce-f31ed5b6c2fd,Mariah Dean,001-021-919-8487x6023,"6996 Young Streets, Lake Katherinefurt, FL 83249"
ceefbbf7-ec64-40e6-b778-d66cbf7e9f4a,David Clark,001-622-117-0517x16813,"644 Blake Islands Apt. 595, Gonzalezburgh, GA 73188"
9060bf1f-fcb0-4d3b-8a1b-f0dacc3e9d7d,Mary Hartman,688-062-8173,"76006 Joe Harbor Suite 741, Lake Robert, WA 93927"
738aaf5d-c618-47cd-adaf-26b40bd3bdf5,Carol Hill,783-814-3170x04316,"425 Cody Park, New Melissa, IA 03434"
5c27b826-353c-474d-8b27-0e0d6f18cf88,Natalie Young,758.925.3709x5990,"Unit 0507 Box 8868, DPO AP 39190"
c5dfffd7-a28b-4ec4-b576-bcef4616ce84,Michele Jones,960-840-0305,"9649 Stacie Walks Suite 468, Crawfordchester, ND 29114"
1466aca2-eccf-4a7c-bc54-9f4996c2d3c5,John Howard,+1-295-301-9052x588,"777 Cynthia Squares Apt. 609, Kevinchester, AR 93598"
aea45a60-c3c6-4923-b48d-9939b17b2959,Chris Preston,539.399.0088x8582,"8883 Raymond Views Suite 036, Port Williambury, IA 95020"
1c66ff18-5cc4-412d-9aaf-5dd78c011196,Monica Martinez,-9374,"97551 Quinn Crossroad Apt. 494, Jacksonborough, MT 43531"
8cd948c2-4d06-4be7-a400-1c81c6febcf1,Sydney Wall,890068637,"62758 Stevens Glens, Harveyland, NJ 20640"
1661e9e4-7fdb-4db4-b0e9-30e5dc43bfe8,Steven Freeman,001-113-108-1210x3111,"USS Lee, FPO AA 81576"
af15804d-1b7e-44d9-a00d-aa8bcefa9f12,Meagan Simpson,(994)230-5937,"5083 Jason Neck Apt. 178, Lake Roseville, CO 52427"
567d9325-9662-40f8-b1d9-519852413ff7,Jacob Durham,015.334.9695,"19998 Kelly Villages, Howardmouth, IN 48145"
08c59f22-9a41-4548-91f4-640ead8ed6bc,Susan Short,690-267-5741x81528,"6523 Brianna Neck, Lake Cheryl, NC 74695"
afe5d7d9-a031-411b-9757-f62f870d0a66,Anthony Hebert,-10341,"329 Ramirez Mission, Lake Kendra, MA 91107"
40ff0185-9cde-4581-abc6-a3731e767d80,Gina Hill,(106)887-7939x171,"396 Hoover Ports Suite 015, New Emma, CA 31315"
0a44df40-ec04-49fd-95c0-425de87b9b53,Joshua Gardner,-6299,"274 Linda Curve Suite 829, Port Jocelyn, SC 05535"
039e4497-7db0-4484-a56b-2f71fa9082c5,Zachary Olson,789.356.3689,"643 Hernandez Harbor, Danielberg, TX 91270"
b2d91a33-3200-4d81-9e5e-37338f4c56a4,Jennifer Nixon,001-356-226-4920x50475,"931 Jacob Parks, Phillipland, CO 14107"
251b0c77-2ece-468c-87bc-77f2431bd896,Misty Young,633.730.3206,"1560 Russell Keys Suite 565, Wendymouth, TX 67044"
d70f4e6b-9dd7-49f4-8530-064fb76f6f4b,Barbara Hardy,(131)414-4379x24097,"41343 Willis Highway, Port Ashley, CT 70073"
4f031838-5704-4363-b4fd-c4302e38e587,Stephanie Hayes,(261)661-0375x846,"PSC 7009, Box 0355, APO AE 89482"
3c487356-9ea2-4177-a6f1-d2fececfac19,John Newton,001-840-048-2168x65633,"2229 John Springs Suite 564, North Matthew, DC 60939"
53a16276-f950-472c-ad6b-2b44b05acfc8,Joseph Koch,+1-410-559-3027x5873,"94128 Travis Oval Suite 329, Port Summer, HI 53351"
c660938a-cdcd-46b3-bb9e-1a8a67289c5c,Peter Walter,(376)597-1898,"1070 Trevor Cliffs, South Lisa, RI 77469"
1867900f-d7e0-4e31-aad3-7fdcb25bf4a9,Carrie Kelly,(995)034-2424x478,"9093 Robinson Stream Suite 191, West Adriana, MI 76227"
806e3be8-afae-4aad-8e34-0b07aad506ed,Derek Rogers,215-140-1870x59914,"24405 Henry Spur, Williambury, NH 25503"
dabb0985-6d48-459f-9eb9-23f21100ea2e,Richard Johnson,168-371-6730,"89553 Villarreal Tunnel Apt. 570, West Casey, WI 62914"
e6652eb4-cf8f-493b-8601-b6fb7ab78aa7,Derrick Thomas,-4074,"298 Mckee Expressway, North Margaret, RI 61128"
2f17acff-e15e-4cef-9141-39b6ad772649,Laurie Reed,+1-716-779-7692x66064,"09445 Mclean Fields Apt. 249, Brownfurt, VT 58837"
b4bcd99a-560e-42ab-bcd4-5f7f6f3584fc,Mitchell Tran,070-055-0424x14456,"29840 Joseph Greens Apt. 537, Lake Shannonside, OK 27893"
b8a65f97-b9b8-4663-a538-5fbb9e73328e,Austin Fritz,901-033-1219x099,"7716 Virginia Spur, Lake Williammouth, ME 58191"
bb2a106b-f3af-4ee0-906a-0c8b3f84ffa7,Stacey Roy,001-597-739-3144,"7822 Kimberly Cape, Beckerburgh, MI 66856"
635f6152-b03e-449b-9a49-0a39342730ab,Michael Richard,393-922-2283,"430 Cooke Keys Apt. 618, New Cynthiamouth, IA 68591"
57d024cd-825e-4a6e-a252-ebab5cfc7d0d,Ruth Powers,465100104,"1134 Bradley Unions Apt. 682, West Jenniferville, IN 84911"
e8d6658e-d967-44de-b199-e3c0ce2196ac,Amy Farrell,515-506-1486,"855 Cox Turnpike, Lake Donald, WA 57069"
25107002-929a-469e-8eb6-b94456e70728,John Mccormick,590.222.8087x59633,"4278 Flores Courts Suite 102, Ashleyside, TX 08323"
23c402d4-3af7-44dd-b91c-8b18884aa09c,Nicholas Haas,1075004460,"1941 Duarte View Apt. 374, Powersmouth, MO 24368"
1e2677cc-6b31-42cd-afab-f269a6a36370,Michael Price,(507)384-0104x148,"PSC 6188, Box 0097, APO AE 52431"
d4d5bfe5-424f-4824-a281-39a7bc214740,Rebecca Dean,001-019-736-5448x07251,"1771 Emily Keys, Davidburgh, IA 66185"
ddd90af4-adb9-4cb9-a31f-3a4ed27d58f6,Whitney Powell,522-598-5650,"3042 Kristen Wall, East Jaredland, UT 60784"
b1f9f283-5b39-4a24-9be7-90eebfc6baf0,Joseph Farmer,001-196-692-2396,"99776 Macias Track, Davisside, AR 41716"
d4040076-1dd2-4550-a0a0-07ee690cba5d,Frank Howard,215-099-6362x548,"230 Jerry Tunnel, South Dennis, MT 02947"
8833b213-4292-43f1-9472-014b800a59ba,Rachael Jones,402-747-0121x931,"03071 Juarez Summit, West Tabithaberg, UT 51411"
23b51b6d-957b-46af-8aae-6c35a750cbd3,Jack Grant,001-874-312-1448x67973,"881 Stephen Mall Suite 484, Port Adam, UT 41564"
fa0f1cb1-6bdd-407f-97bd-7059758b00d6,Robert Lee,001-326-840-1803,"62928 Joshua Path, Mirandafort, VT 27080"
ffe7a46d-a074-44ba-ac0c-66b7d2765bd9,Rachel Ballard,950-769-4937x99239,"215 Cruz Radial Suite 501, Port Shaneview, VA 69977"
b56afdad-d53e-40ef-964f-84f46ae96729,Sydney Spencer,483.619.9370x31554,"3721 Jill Fords Suite 332, Millerburgh, CO 31685"
580fb6e1-4489-41a5-96d8-3f0cec8edf01,Lori Roth,2021903576,"Unit 7424 Box 7779, DPO AE 41453"
4d5d1642-509b-48f9-85e0-6e267fb6e5a6,Lacey May,(932)416-5976,"4926 Jennifer Greens, Gregoryport, SD 59963"
dc124921-cf69-47f1-be41-ff025a0cd5ac,Shannon Bryan,(588)696-1223x188,"77042 Troy Coves, South Kenneth, UT 63283"
b388528c-ab63-4266-9ae9-3661f1162dd4,James Romero,512404066,"433 Meza Creek Apt. 568, West Jerryfurt, NH 77178"
50d81fb9-9335-465f-bb2d-a1ca9e8b64e2,Cameron Reeves,(824)054-9972x1498,"0183 Garza Views Suite 906, Bryanside, OH 69674"
0e28bebd-2a5a-4298-82d8-255ba365fe6c,Stacey Bell,(730)747-3442x0229,"340 Riley Roads Suite 908, South Angela, NH 90765"
c87926bb-dd11-4d26-bdcd-176808cc2e6c,Susan Lopez,(594)968-9365x022,"3096 Chelsey Inlet Apt. 175, Guerreromouth, SC 04230"
a590625b-9e87-474d-a2ba-21dda51b4392,Katie Griffin,1029164424,"5955 Phillip Shore Suite 571, East Courtneystad, KY 23018"
7a81c61f-65f9-467c-b33e-ab8dde4a8596,Marilyn Russo,+1-619-680-3520x16805,"49870 Gabriel Rue, East Kevinville, MD 22641"
b813378d-4eae-46dc-8b83-f85066f7d26c,Daisy Hudson,(611)698-8108x9871,"948 Patty Dale Suite 937, Lake Natasha, MD 38179"
b7660143-eacd-4ebd-9313-fb68c6b4225d,Sean Smith,981.605.1545,"495 Peterson River, East Hailey, DC 55627"
ef01e244-39dc-4b5d-9bdd-282b9041fcd5,Ashley Murray,(285)837-6325x9879,"53038 Jennifer View, North Jillfort, AK 77551"
5acf3aa0-bb54-4ba0-9ccf-a06f4d458539,Brenda Bullock,(719)581-4380,"213 Moore Roads, East Annaville, AK 77665"
c29985ac-a394-48f8-b55c-7c7aecd52680,Pamela Evans PhD,912.519.1612,"981 Edward Hill, Cynthiashire, VA 91477"
3836647b-aeeb-4080-b039-925b230d958f,Micheal Kim,477-761-1281x308,"65157 Douglas Fords, Lake Jessicafurt, IL 40135"
159775ef-1100-4074-9ee9-259395c65504,Robert Marshall Jr.,048.296.6541,"5577 Victor Manors, Charlesmouth, UT 71045"
b05be630-2ec4-4864-b6ce-a48f50157e5c,Destiny Hernandez,001-425-377-4145,"750 Schaefer Cape, North Christopherport, AR 42202"
7c46dec2-c239-4a12-8a51-2de69d667f17,Sherry Patel,001-536-258-8804x1578,"53664 Megan Valleys Suite 578, New Anthony, NH 47985"
bf64aa85-a25b-4a3f-9398-bb64372e2e1a,David Smith,325-265-3177x67048,"04242 Angela Pass, Jayshire, AK 17895"
949e2545-6bd1-4f59-9339-90c60863ac86,Aaron Grant,096.815.6152,"9683 Edward Village, Allenview, PA 87997"
12b897a1-6959-4120-8118-c183adb0c8c3,Eric Lynch,572.180.4893,"84216 Graham Way, West Derekland, SC 26918"
ab8ec5ff-7f87-4683-8295-85d00f36c312,Tammy Williams,001-427-339-1680x508,"746 Day Course, Lake Cassidytown, NV 32007"
58bb84f7-368a-470e-8175-1167452769f9,Lisa Roy,547.391.0053,"0104 David Squares Apt. 159, Emilyland, ND 85950"
543a26eb-5423-4840-a94b-542e16a9d90b,Sean Floyd,(040)716-9806,"Unit 2350 Box 5181, DPO AE 45024"
62fb7c98-da51-4bc5-82fb-d5c59b801e33,William Thomas V,-8574,"7016 Alexis Spring, Stephenside, TN 33344"
0541ce9b-3146-47b2-baf1-5bfb032f9507,Keith Espinoza,001-025-153-8421x52927,"7497 Joseph Manor, Hickmanland, WY 70744"
8869c450-665c-4ffa-b910-788e3b6bba40,Robin Johnson,357-205-5308x688,"08674 Sarah Creek, Armstrongton, DE 69245"
7f66b5b5-0fe3-47cc-b826-4685e2b0c005,Tracy Stevens,065-564-6737x3948,"2110 Nicole Parkways Apt. 984, New Melissashire, MO 09240"
d78fd697-93a9-474d-872d-7178a3fac470,Tracey Miranda,116.802.7495,"98520 Collier Mountains Suite 126, West Melinda, DC 88527"
f520ab15-91fd-4104-942f-b0a124ad7ce7,Christopher Robertson,4866984727,"39218 Michael Grove Apt. 406, East Donna, MT 48312"
bf1fadb5-78d0-436b-9b16-41197005e752,Benjamin Lee,967-987-2567x5098,"8541 Don Knoll Apt. 452, Wolfeton, KY 32104"
de1e4fa2-37b0-4578-8d00-4fee4673bae7,Melissa Mendez,284.273.1538x37600,"027 Smith Ferry, East Joseph, DC 08840"
b4376710-fe26-4d3d-b733-ca6e9c923fdd,Carolyn Garcia,3434624444,"871 Nicole Springs, Danielleville, AZ 79050"
9a051f81-aaf6-4141-b119-6ad9393f87cc,Linda Stanley,001-342-720-3336x2580,"8640 Marshall Crest, North Nicholeshire, NV 32527"
e3937585-64fe-41cc-9fc7-96e40327a156,Sheryl Lucero,216-767-1964,"349 Ramos Mission, South Mariaport, KY 07285"
afbd8bb3-922b-40a2-8bc9-aaa21ffc4ced,Jacqueline Smith,001-735-440-1507x6011,"065 Burton Branch, Gibbstown, MN 94064"
22be6619-6e2b-4cf5-b54c-4faf8b74018a,Amy Butler,829-927-7381,"6897 Gardner Islands Suite 805, Scottside, VA 20341"
3d67996b-d2f8-4371-9754-f381312b6ed5,Teresa Rodriguez,684.979.5137x18434,"005 Aimee Garden, Lake Matthewbury, MO 07549"
73604b21-a532-431b-9b1d-4d4679b9f5d6,Aaron Cantu,(806)230-3110x5594,"USCGC Thompson, FPO AP 94298"
84cd5abf-17fb-4378-9ad1-ecc69a81b19d,George Barton,393-619-9984x7175,"03102 Jensen Drive Apt. 725, West Eric, RI 86254"
e717a1fa-4794-4b70-b847-6efff28fc06f,Mrs. Tina Hart,(843)563-1650,"03037 Bruce Prairie Suite 508, Lake Rhonda, KY 01865"
260bf48b-90ee-40b4-9a0b-a3562e5834cc,Walter Allen,+1-508-705-4320x9244,"9716 Matthew Point, West Paul, VA 69999"
9f8809f8-ce88-4384-800c-9f7c9b17deb9,James Estes,001-571-848-4785x844,"77583 Mark Parks Suite 530, East Stevenfurt, MO 15363"
87d7a383-0713-47a2-bcde-1dca64110e2d,Clifford King,(190)668-3105,"03191 Galloway Fords, Port Scott, AR 73846"
2d5249ad-f4ee-4582-8f42-dd064a02b3f3,Donald Johnson,7957840994,"7018 Katie Vista, North Chrisshire, IL 86355"
95b2d8d5-b7e1-4769-b78f-cd19cd9c4275,Tina Smith,315-628-5674,"001 Kathleen Extension, Lake David, NJ 51520"
f6dbfe77-94d0-49ac-97a6-81cbfa4f4669,Daniel Glover,001-181-218-6845x08873,"2309 Elizabeth Road Suite 727, Maryshire, GA 09842"
29b84332-c24a-471d-a0eb-3869689c67a0,Joan Gallagher,(633)560-9609x192,"Unit 6273 Box 2912, DPO AA 74663"
04d1671a-2b00-472c-a8dd-a156bebb92fc,Becky Day,781.062.2367x9329,"527 Alyssa Ferry Apt. 182, South Kathleenfort, IN 90173"
c8f1771d-88a2-4883-b62d-e5305e60f79d,Diana Davis,+1-467-110-1958x5069,"300 Vanessa Manors, Johnstonborough, DC 88666"
63d16ebf-2b29-40fc-89ac-c20d695c4bd8,David Harrell,100.106.8880x94949,"02335 Carter Ranch Apt. 860, West Jenniferborough, RI 21001"
6c80c869-35e9-46c3-98fa-e37607ec31db,Stephen Moss,435-984-9170x372,"8720 Merritt Stravenue, Amandaview, MD 93643"
0d2afbd9-de1a-43b6-ab6e-38ed98107533,Patricia Snyder,349-437-8005,"PSC 4663, Box 1092, APO AE 66226"
2351417e-7c9f-4687-9b10-47afd4d9d34d,Katherine Henry,001-142-481-0412x3732,"57373 Jackson Fords Apt. 008, North John, WI 37583"
bab49e6f-03c0-4182-8a9d-3887f19c3e57,Cheryl Cross,(467)008-3609x992,"42916 Holloway Light, North Nicole, VA 20605"
4b756ea6-428a-4561-aa0f-978b46862ebf,Kyle Manning,606-078-1600,"6960 Jasmine Expressway Suite 119, Hancockton, WY 52374"
ed2a24d8-d805-463f-ac8d-88a3ec095551,Lisa Long,234.809.0005,"7669 Warner Station Apt. 448, West Amy, NM 35340"
1c6b9499-a404-49e8-967c-fece98325869,David Cortez,+1-015-064-4743x0932,"627 Gray Light, Lake Melissahaven, KY 55712"
5a1b63bc-327c-4c4e-981e-d85c7b5d1778,Richard Hernandez,5498433264,"820 Jackson Crossroad, Bullockchester, OK 83132"
48c5aaf6-18ce-495f-b8fd-7ecbee07d960,Mark Flores,001-132-102-6685x67731,"2663 Rivera Ranch Apt. 980, Careyfurt, NE 43354"
4e86b20f-0ace-49e5-b64c-5bb1bd663162,Ashley Roy,621160838,"7767 Nelson Well, Brianbury, WV 95223"
c4e4a544-eae2-4e64-a20f-9532c23b999d,James White,248-502-3404,"217 Jason Harbor Apt. 756, West Donaldville, LA 62933"
ad085a21-5ed1-434b-9d4a-651c5c55ec37,Stephanie Price,693.031.1593,"2418 Blake Tunnel, Johnsonfurt, WY 14764"
87b72e67-ff80-465d-9483-cc857a5f4d5e,Jennifer Barker,001-567-489-8736x4304,"080 Farmer Avenue, North Michellemouth, FL 36242"
a2e70c95-4311-4c6d-abab-57fbe7610e2c,Jeffrey Watts,-4191,"6872 Anthony Manors, South Christine, NC 01189"
dda03498-6554-4387-b092-651547c96690,Jasmine Cannon,8274845178,"4540 Kelly Park Suite 843, Burchland, NY 79073"
f86422a4-749c-4361-af47-79cfa96d916d,John Lewis,495-611-5774x748,"Unit 8823 Box 5030, DPO AE 72206"
20aefc23-281e-445a-bcbf-d8b0a24bb74c,Julie Wong,962.334.4172x446,"1728 Miller Walk Apt. 955, Rosestad, ND 71137"
f125b7ec-9def-4e73-873e-aadc220acafc,Tamara Anderson,-5057,"8303 Kathleen Point, Brandiside, CA 76279"
c1d14e39-39b6-4c95-8d7d-a87e35d4fe0c,Lisa Wells,001-265-915-4504,"9149 Mcmillan Hill Apt. 380, East Jeremy, ME 54658"
cdbba91a-b8d0-47d5-96c3-97aca44e2099,Anthony Hansen,+1-929-025-5018x8181,"328 Huynh Manor, East Carol, LA 84484"
0cdd301e-9d19-4be7-af51-0579bee4684f,John Rodriguez,(522)623-5719x556,"460 Amber Path, Bergmouth, WV 97443"
0bb4e9a9-637d-4435-8ee1-25e8653fc3c2,Laura Jones,628-461-2252x577,"21106 Sherri Cove, New Madisonport, PA 48735"
e6a00f26-27f4-4249-ae0a-d2535c7a2760,Frank Sparks,498-590-8782x5584,"58826 Davis Glens, Amandaport, NY 45014"
4044d74f-c111-479a-abe3-370a14d6a0c0,Connor Moore,5147583252,"13262 Gloria Wells, Moyerhaven, PA 25022"
6327bf01-3202-4588-9c9a-80f68388d9d5,Michele Oneal,(238)783-8753x2283,"7541 Stephanie Freeway Apt. 149, Woodbury, CO 52910"
39516d28-60d3-4a9f-aacf-f6260186c308,Marcus Gibson,028.390.9384,"738 Michael Key, Gregoryborough, MA 37601"
3857eadd-136b-4351-be65-676de4a6fedb,Paula Brown,+1-919-500-7070x484,"66134 Perez Corner, New Eric, IN 74721"
5459db46-f121-4356-bd86-8f59314fe914,Jason Wilson,352589363,"7907 Jaime Locks, Mccannland, WY 34229"
1de936df-dd87-44db-a05b-ef26e60bb906,Robert Jackson,975.752.7601x28529,"50769 Levy Mountain Apt. 693, North Matthew, KY 06382"
56828d1b-85d8-4e66-97a5-959a1edb45e7,Wendy Lucero,+1-073-984-6748x3615,"780 Martinez Forks Suite 599, Davistown, VT 86159"
e6b50092-5c7a-41fe-9daf-623bf8e5dbf9,James Black,(871)774-3074,"17744 Courtney Stream, Harrisville, DC 49898"
51fa6586-d798-4cfd-80d8-360fa7c6227c,Kirk Jones,517-864-2176,"33850 Harrison Crescent, Port Karen, ID 34272"
2b4a1112-aab9-4965-9af9-a4b9942f0947,Steven Jones,(836)391-1184,"35856 Smith Views, South Brent, NM 13392"
7dfe5705-1597-4988-a403-866bdb842773,Brittany Diaz,001-344-131-4980x75390,"525 Perkins Circle, West Casey, MT 94836"
b23aa3d4-1888-44c8-a34b-0cacd26a9671,Vanessa Smith,353-078-4784x50908,"5913 Melissa Flats Apt. 506, Dawnborough, CO 24855"
141840a4-3a61-4ab4-b21a-8c67ca0524a2,Justin Adams,(836)217-4726,"0328 Alexander Lodge, New Raymond, NY 92873"
ad2aa8d1-5f05-4b29-8bd7-26605175d400,Caitlin James,+1-234-814-9814x07749,"2039 Hensley Highway Apt. 055, New Joseph, ID 36089"
99b917f8-81c3-44db-a896-0eef6cb488fe,Noah Mcdaniel,001-642-850-9115x3787,"518 Joshua Common, Woodton, IL 64762"
00e94ec6-6cd2-4b3f-b4c7-e6ade78b6218,Kathryn Robinson,772-137-9495,"96131 Chelsea Pines Apt. 569, North Sean, TN 59783"
01b6bb5a-1c7f-4506-bd6b-01a26639fe72,Heather Nguyen,644-795-9785,"4153 Shannon Parkway Apt. 943, West Sharonmouth, SD 26369"
7a9202b3-ff98-4797-95c4-1d49c63f367a,Mary Porter,001-547-371-6854x28244,"416 Bender Course, North Christopher, AZ 46073"
b35e879c-ac8c-4b65-b6e9-f75a11782c27,Corey Swanson,(607)279-7656x225,"30223 Christina Station, New Timothy, IL 31782"
41bd3fa1-b622-4990-8e3e-098e6d5a7bf4,Lori Jacobson,121.701.5244,"615 Mario Lakes, Reynoldsburgh, SD 88865"
0174d6ac-c5b8-475f-9720-e6d6afc2cdfd,Robert Williams,803.117.9577x682,"9495 Edward Light Apt. 029, Jeremyfurt, AZ 44183"
5038ad19-a131-404b-84c3-dab4493256a6,Jason Little,(542)410-9291x255,"29975 Melissa Estate Suite 656, Samanthaburgh, DE 40170"
5314ea0b-717e-47a0-9240-a29dc319bad6,Michael Lee,300-848-6171,"7721 Huynh Streets, Bergerside, WA 10289"
6fc0146d-a88e-42f5-8e65-4fb66ecb9eb4,Justin Lawson,839-491-6240x1718,"8245 Alexander Estates, Jamesfurt, RI 34346"
3e608b91-fc2b-4958-bd85-d0fa08477aa7,Nicholas Bowen,4274992547,"1453 Debra Mountain, Samanthahaven, KY 18543"
12f67c22-9a42-48e1-a73e-bc9a8612177f,Mr. Ryan Holmes,-7132,"Unit 3249 Box 9313, DPO AP 48590"
4bc704fe-c94b-46ba-8ed7-8b6f2507a452,Robert Randall,249.546.9255,"601 Atkins Mountains, North Raymondhaven, IN 28168"
7344f3b1-410e-4aa6-9679-76ebfe77107a,Nathaniel Spencer,+1-285-390-3901x8161,"9697 Good Motorway Suite 928, New John, GA 13921"
1fef6cc4-aec5-4ef9-9aa7-59b18d9856cf,Suzanne Garcia,-7979,"26550 Wade Harbor Suite 264, East Anne, NC 85727"
8c403322-b607-42ac-b700-d5ad6e7f402f,Oscar Murray,1012750935,"3021 Annette Curve, Lake Kennethmouth, DC 36091"
bf2f5b75-557c-4091-b367-42131160054a,Deborah Key,943-024-1288x549,"673 Aaron Street Apt. 929, Eileenside, DC 45221"
455a229c-d167-4c0f-8855-72a5570f8442,William Lawrence,+1-773-751-1816x27113,"Unit 7639 Box 6032, DPO AP 20872"
16f91b7a-75cb-4365-a643-ab295b7ea1f9,Michael Wilson,(152)594-8374x607,"Unit 5782 Box 6660, DPO AE 42537"
50b14242-0f10-4186-bc85-c0b58ccfdb7b,Elizabeth Foster,-4025,"Unit 4646 Box 7285, DPO AP 49257"
fb826291-fb0e-4dd1-8b19-9949e3e28e49,Emily Hicks,(533)016-0984x77712,"32860 Garcia Oval Suite 174, West Barbarachester, ND 39077"
4ce12398-8db4-4257-b42e-edb0ffefa487,Bailey Mckenzie,+1-073-578-5276x18825,"6036 Eric Loaf, East Rhonda, AK 64111"
053bb5ee-8efd-4ee8-9fa6-641af44a2712,Jared Arroyo,7479253270,"695 Karen Stravenue, West Kellyfort, IA 20088"
1a077c69-e7a9-47c2-8004-e59f7308c3e8,Emily Wilson,952.516.9880x1562,"91568 Wall Groves Apt. 408, Mendezborough, OH 36391"
d2e1bfd5-484e-4463-9811-09fc9e03d4ae,Alicia Murphy,+1-003-972-8802x583,"50817 Green Manors, Virginiaborough, UT 43625"
8a723604-a718-4c56-b402-90ccd7fc0381,John Cannon,+1-737-733-6434x51478,"73702 Guzman Plaza Suite 588, New Amanda, IN 81934"
493ebb5f-9197-43fe-a49a-dd70da7dc0bd,Edward Melton,090.016.5514x02995,"63447 Tamara Pass, Porterborough, DE 88417"
77cf5c87-ceeb-4fb8-b666-528d326594ae,Amanda Lopez,001-151-525-1307x812,"35258 Joseph Plaza, Port David, PA 30964"
dc68ebf7-e3e0-4b0d-92bc-638f069bacb9,Joshua Walton,842-916-6659x0892,"448 Hall Plains Apt. 236, Martinezside, CA 45071"
57699bdb-f6eb-42aa-8e95-8fc7dbb151f9,Andrew Garcia,(961)403-9797x9318,"328 Murray Brooks, South Rebeccatown, AZ 94464"
023547d5-ebab-4dad-9599-2f5cd130addf,Jason Chapman,589.463.4032,"USNV Hale, FPO AP 28855"
03e4a96e-d7a8-4cf1-89c2-83fa98800123,Larry Hernandez,940-127-9226,"562 Russell Avenue, Port Joshuatown, HI 75059"
e5ce1775-9d10-4628-8cc0-f8a60f1d5b5d,Kevin Fernandez,800-162-3853x1984,"118 Campbell Landing, Laurafurt, LA 55133"
3e61fea6-6fac-4be7-a191-0f79f600638b,Bonnie Soto,4872552242,"1661 Weeks Plaza, North Alice, WV 66503"
dd55db80-96e4-4c83-9939-7d1f508e9ab8,George Jones,001-071-394-3072x2525,"3183 Mario Cove, Gabrielaside, OH 04143"
1ed6f379-e59c-4c47-9680-428682c44742,Jessica Nash,777-552-6149,"650 Kyle Ramp, Port Mariamouth, KS 48702"
2cc7d35b-b261-4aee-b821-050c9da8d974,Sandra Bates,411-546-0446x24688,"9644 Jimmy Underpass, Matthewland, VT 64065"
ec39047c-bd20-4c09-b971-7d207e85fce1,Megan Barrera,(489)853-9398x81911,"PSC 9426, Box 8032, APO AA 66956"
5297b26c-a496-475f-8e96-9b8ea5e60177,Michael Cobb,3282089550,"95221 Brittney Mountain, New Maryport, TN 69991"
2a0696c5-96b6-4aff-83e3-b7a539105321,Thomas Black,568-867-9719x47606,"89118 Tracey Canyon, Dalefurt, ND 62712"
31675753-e1cd-4fc6-bf27-d0bd492bb3e7,Connor Smith,+1-219-316-6196x14873,"390 Mcneil Pines Suite 364, West Crystal, WY 10695"
a811666e-1d21-4660-86eb-eda72254f8fa,Susan Rogers,607.197.3494x958,"26755 Reginald Key Suite 424, Rowlandshire, DE 95967"
a218ba7a-b704-4abc-8a3c-36ac76c5accd,Shelly Ramirez,001-057-368-4613x7603,"494 Daniel Hills Apt. 152, Port Craig, NC 19842"
fc9c3c64-283e-4a5d-86f1-1fe9fbc8555b,Jason Copeland,748-437-4605x87471,"31292 Ashley Trail Suite 902, Lake Stephenstad, MO 53394"
c99b371a-8283-4a16-9d7f-8dd178d18834,Raven Herring,931.867.6354x2636,"686 Smith Port Apt. 383, Davidborough, NC 57927"
11253e78-5cc9-4242-b2e4-5a2981fb24fa,Michelle Johnson,001-903-720-3675x701,"02461 Miller Village, East Manuel, VT 31621"
ae8bb46d-eec0-4964-ac47-c50ea7bb9026,Larry Cook,001-144-029-4301,"2285 Todd Inlet Apt. 592, Port Allison, IN 37152"
395b7fa1-3787-4c6b-aaa4-444723e0aa55,Kendra Thomas,001-364-589-6109x07694,"5730 Turner Pine Apt. 785, South Matthew, TX 40192"
8497afc7-9baa-42ef-8b82-35bb644b90d9,Spencer Wiley,662-166-5519x494,"85521 Moore Trail, Kristinshire, NE 27460"
526df6fa-02d8-4de2-b368-447a56ea5076,Alexander Wu,142.966.8207,"9374 Gregory Garden, West Pamela, NJ 05584"
bbc11daa-8dd6-403a-b955-7dd070bdb97d,Kristin Jenkins,(467)879-7675x6673,"953 Sean Points Apt. 152, Perezberg, KS 66101"
7bd1ec70-f33d-4fde-ab81-1eff7d6246a3,Sabrina Phillips,838.096.7359,"2721 Melvin Squares, Nicolemouth, WY 92645"
cbaed33e-4c4e-4e4c-b8fa-480a0dce0b25,Andrew Morrison,543.237.5674x43586,"524 Erica Village Apt. 676, Valerieside, NM 26188"
48b44f47-5978-4acb-83ac-be6694320280,Connor Sanchez,155-725-5950,"19657 Nicole Estates, Churchton, CA 14168"
da82df9b-6dff-4630-8445-dd20ec44ce30,Tiffany Williamson,106486915,"089 Kimberly Terrace, Amberborough, ME 42439"
46928626-a470-4ea5-93da-a93ea8fbe6bc,Tracey Hill,958-034-6658x07013,"4375 Green Hollow, South John, DC 54137"
742f1d2f-cf98-4abc-a4d8-1e32f52799a0,Jacob Ford,229-235-0020,"9541 Paul Forge, Lake Jessica, MA 96374"
f68fe1bc-6a28-4ad2-9675-5d7494af45b3,Cory Pham,+1-313-922-5318x3652,"335 Hall Skyway Apt. 338, Mitchelltown, TN 74229"
43dc13b5-8c5c-4eab-ba4e-2c562c7a4678,Brent Williams,468.299.8298x793,"4878 Kelley Mount Suite 100, Brianstad, CT 39709"
5e33fcf3-4c03-4a5a-9ce3-5c0c7a6705c8,Jill Villarreal,530-428-7811x74958,"Unit 5446 Box 5113, DPO AE 94064"
2a3a7e6a-c5eb-4332-92b0-21bc2ffe9410,Christopher Potter,001-094-673-6046,"107 Brandi Forks Apt. 241, Port Kellychester, DC 55106"
f4288b3e-407f-4876-b762-d7f6c473da37,Brendan Thomas,932.678.1444x64162,"32606 Alexandra Extensions, Smithhaven, IN 72639"
fced8199-1403-422b-85cd-195e6d3de681,Deanna Barton,+1-191-736-7199x47694,"7331 Samuel Forest Apt. 841, Port Ashley, TX 46952"
b1997e2c-cbbf-4685-954b-552e1364b29e,Andrew Phillips,+1-014-970-3126x47534,"72111 Kelly Keys, South Christopher, WI 17542"
c8fa3184-88e0-4b29-9d55-b7c2bd8b4954,Angela Grimes,774-584-6413x8734,"PSC 7690, Box 7762, APO AP 43368"
fef37a60-8375-45b0-8594-5f21f93799e9,John Larson,+1-120-649-3633x37699,"03314 Diana Path Suite 292, Hannahburgh, NM 83259"
dc4e6daa-8b68-4247-8887-2987cb6c64d3,Sarah Perkins,(448)815-9092x488,"0920 Kimberly Inlet Apt. 332, Raymondshire, OH 53330"
9d7c414b-aeee-49ae-b2f5-1fd6dacb4bff,Casey Krause,(259)247-7191x362,"379 John Plaza, Amberberg, WY 74077"
12cafeb1-1bdb-4753-a88c-9cef692f8a81,Gary Harrison,2675690952,"48457 Matthew Glen Apt. 362, Warrenborough, NH 70979"
70a3ba16-fc25-41df-b66a-39d0dbc9c654,Stephanie White,7945299343,"1942 Morales Crossroad, Port Tanyamouth, CT 22482"
a81669cf-7ad7-47be-93eb-970ed9a5de7c,Sabrina Bishop,911-725-4322,"12204 Orr Ferry, East Feliciaville, IN 68032"
8497dbac-ae81-4920-b7ea-82834418a380,Edward Ferrell,879-488-1037x52876,"82180 Diane Terrace, Kyleshire, HI 99165"
e4547dbe-9455-490c-a0a9-9540d4eaacee,Darius Sanders,001-195-865-2092x328,"34025 Mcdonald Groves Suite 678, Garnerfurt, MT 79670"
7b514d19-3e47-41c0-bc9a-47280a3d5022,Christina Henderson,189.100.6325,"66649 Bond Manor Suite 618, Curryborough, SC 35742"
ee06221a-56ae-4ccc-8c50-5822eb22da52,Melissa Wilson,1877759248,"67883 Ronald Walk Suite 759, South Joeville, PA 94420"
3ac54d76-f229-4546-b3ea-9de802edb167,Joshua Whitaker,001-165-155-6674x018,"59542 Foley Expressway, Branchmouth, UT 26869"
fc9ea0c7-8887-4391-a773-cb0df299479c,Elizabeth Smith,947.581.7920,"410 Thomas Drives Apt. 634, Brianborough, NY 23048"
acec143c-5605-472f-83f5-7c6f2e33433a,Rachel Williams,156.297.4045,"61616 Andrea Square Apt. 286, West Russell, MI 85114"
91534983-798a-404b-8083-92d90e686a97,Cody Smith,823-558-9442x298,"31314 Johnson Route, Amberchester, MT 76536"
f4014dce-c880-4477-a91a-aa73e5975c6b,Lisa Robles,294-053-5259,"8279 Noble Vista, Annettefurt, IL 27293"
92f9bd13-9e4e-4675-9770-78bf13bf0bf2,Dawn Dalton,(082)211-0333,"532 Russell Canyon, Benderfort, MO 55158"
bbdfc368-a360-4b56-8c90-e53ddcf47c0f,Bianca Montoya,+1-202-727-6817x7749,"8826 Christopher Streets, Amberstad, VT 84174"
04465b0f-4d10-4766-a65e-79d9c0b876a8,Sergio Montgomery,428-267-4343,"10973 Cody Harbors Apt. 242, Port Philliptown, AK 50711"
0d97701c-8590-4ffc-9538-b044f5192906,Jonathan Duncan,582-192-7514x6788,"672 Brooke Curve Suite 445, Lake Heather, RI 24812"
33fc037d-2590-4a79-b69e-631ab6f08d3f,Sara Benton,016.749.9131x4272,"1550 Hoffman Run Apt. 982, East Ryan, SC 80164"
39cb2b21-82fb-48bb-b5a3-f37049ecdd26,Caitlyn Dennis,8644538689,"3066 Martinez Fords Suite 070, North Carolynland, KY 19610"
7e1151db-3073-4f21-b211-737d4cff7bd7,Peggy Davis,-7491,"2630 Robinson Forks Suite 729, Lake Angela, KS 78628"
fe17c72a-17f7-4ef3-8461-7d37c4e28d16,Crystal Hall,+1-776-245-8871x99912,"47984 Garcia Junction Apt. 985, West Melissa, MS 98190"
f77bf5ef-8281-42c7-ad11-a4225f025a68,Andrew Sanchez,188.270.0714x3675,"80475 Kenneth Land, Susanbury, WV 50930"
634e8022-f5f9-4fcf-92d0-912ca7f90973,Kristen Davenport,049.475.8297x740,"6256 Adams Groves, North Andrewland, GA 24276"
dd929545-3a79-4e9c-adff-6dc72f1f4de6,Frederick Pearson,865.939.9419x13042,"1062 Daniel Wall Apt. 964, Port Luke, OH 28784"
939e8e31-fa5c-496f-96e1-7a217f6efbbd,Alejandro Garcia,(787)770-7769x3866,"0491 Robertson Groves Suite 239, Stephenshire, MT 88544"
67df8689-0d02-4b14-b5d3-2d8e66029ee6,Vicki Dixon,(899)351-0712x087,"24099 Gray Plaza Apt. 812, New Angelamouth, RI 19109"
21736d72-ebfe-4a78-b64a-da092feb3a3f,Karen Hall,001-040-085-1318x8666,"5237 Gonzales Lights, New John, IL 61470"
55903204-dc50-4b86-ba20-beaf2ae8a58b,Angela Wilson DDS,517.050.2361,"USCGC Adams, FPO AP 81916"
aa942f21-df40-40c7-af2d-21e2c9e9ccc3,Raymond Evans,+1-483-335-7612x110,"86396 Tammy Ridges Suite 724, Lake Rebeccaland, TX 86413"
84f9dada-978d-4e01-81af-43e95afa7f24,Michele Jones,7864867401,"4275 Wilson Groves, Trevortown, TN 27381"
0778f8ae-d4d0-4d30-8a2f-a90a687690d7,Michael Coleman,001-303-572-9547x6547,"006 Laura Plaza, Erinbury, FL 09421"
9ff08563-264c-42ca-935a-568d442970bc,Sherry Thomas,(773)265-9314x752,"93878 Garcia Motorway Apt. 707, Lake Jillburgh, SD 73344"
66d7fac6-c033-4719-9151-66db5b6311a2,Thomas Hughes,588-156-6623,"Unit 7239 Box 7816, DPO AP 01127"
8a275c24-11f5-4fa0-bdfb-8301a04a03e6,James Young,001-647-520-8554x45413,"001 Martinez Isle, Erinside, OR 86868"
433a52fa-f518-4bf4-ba5e-c1c186ff9fc8,Tammy Cox,001-322-086-8689x8227,"021 Alexandra Views, Bryantside, TX 86741"
99cb3d9c-bcbc-4d49-8b90-504060c21f23,Brenda Schroeder,364.832.6696,"4774 Todd Streets, South Kathryn, WA 48740"
c855156b-b525-4939-9115-c9da3866bbf8,Christine Morgan,717361567,"8061 Griffin Union, New John, SD 69384"
41f3d099-aa1f-4fac-abdb-b50ea87e1231,Kyle Johnson,(707)271-4122,"997 Henry Mountain Apt. 325, New Ericstad, MI 39988"
ece05f0a-bb7f-4e42-a1a3-dcf8328fe59a,Sean Sherman,+1-895-774-1758x88899,"0869 Howell Ford Suite 102, East Jenniferchester, TX 22029"
414a21e3-7597-4470-95d7-4a08102ac98f,Samantha Smith,9373098020,"Unit 0352 Box 5704, DPO AP 80239"
ca4a19db-d5ba-496c-807a-7a3420cc2a29,Taylor Sanchez,+1-830-756-4516x832,"75468 White Locks, Andersonmouth, WV 39065"
35a6bdf1-f477-4aed-a2fb-f3efde1f8872,Autumn Sellers,001-582-865-3482x00852,"0406 Spencer Squares, North Elizabethmouth, VA 01077"
3684ef74-9a20-4249-8759-91c8c0534af2,Zachary Arnold,736.608.7891,"453 Kelly Spur Suite 878, Hayleyburgh, CT 74516"
ef5e1b40-11d0-4c7d-827f-d047944694b9,Melinda Wilson,(546)976-5057x45965,"1525 Shaun Greens, West Dakota, CA 39092"
90f5175b-66a5-40be-8710-cc4d0e199c7b,Sherry Wolfe,001-069-720-4637x96034,"08735 Gregory Glens Apt. 910, Charlesfurt, OH 98032"
2b491109-d73a-48fb-bfc7-feb17756e327,Julie Smith,832-071-3695x769,"53890 Myers Ports Apt. 593, Christensenfort, VT 58416"
1215de2f-bdda-40ff-b91b-88b91147ee41,Charles Williams,(982)351-4614x093,"765 Erica Path, New Patty, HI 61835"
30853d9b-bd78-4993-aa21-f88842b9d629,Richard Pearson II,001-033-748-3707,"61579 Blankenship Radial, Kellymouth, UT 93524"
5b11e16e-2668-42e7-98ad-34fcc419c368,Christopher Sutton,001-957-999-2568x486,"4291 Nathan Islands Suite 487, East Spencer, HI 04335"
44a78364-d34a-4097-9c5b-0debbda0ed47,James Meza,162-948-1597x1186,"708 Ward Ports, East Adriantown, MD 67671"
96705f37-dd5a-4838-9c81-b865b454f283,Nichole Fox,785.908.7496x7070,"821 King Lane Apt. 229, Port Jonathan, KY 12104"
df6475f2-eac6-411f-a4ec-07891656170a,Mark Hunt,846-984-1108x84248,"Unit 2559 Box 2712, DPO AP 29445"
ba19640b-b61c-4bc8-a4c7-2bb826bac37c,Rebecca Schmidt,(562)968-6093x9054,"9081 Shelley Vista Suite 835, Greenshire, MD 52824"
1a2f03a0-5e36-4300-92ad-f29be79fcb17,Justin Campbell,001-373-050-3695,"65856 Janice River, Marcusport, WI 80201"
07c113d6-5fe1-4f2a-9dc3-a52bb35514c9,Dawn Fletcher,358.899.4667,"856 Ross Mall, Brianshire, ID 94407"
88c746ff-0383-40d5-9e51-ffbc8a8a0522,Chad Johnson,001-979-330-5484x1098,"84381 Lindsey Cove, Jerryport, TN 98612"
7ba14233-6727-4aae-abf2-735a562d9fe4,Andre Martinez,083-349-9271,"369 Perez Pass Apt. 437, Ortegahaven, WI 40980"
3c0e496f-8dd4-42a1-ac83-967348e663f4,Matthew Mack,290-749-0178x702,"60019 Berg Rue Apt. 960, New Anthonyton, CA 87434"
7e8e08c3-0db1-4b5f-9cff-68d1d2965707,Joann Fisher,9920281864,"11286 John Trail Suite 359, Julietown, NV 07880"
dd23eed4-014d-46dd-995e-f6a8b0808ca1,Michael Taylor,-10447,"18325 Crawford Ports Suite 407, Davisburgh, RI 65413"
407fa781-2986-4d14-b57c-fe541bbde985,Perry Ramirez,132.671.0055x503,"954 Chapman Spur, Lake Daniellefort, OK 09898"
d9d1da34-f69d-4193-bd56-8631cf82a3c2,Mark Duran,354-279-0122,"772 Brady Forest, Lynchburgh, NE 07266"
6b31333c-4a64-4113-ad35-01ac4c8e5263,Valerie Moore,343.612.2429,"Unit 8348 Box 7494, DPO AA 67088"
2d629e67-7d18-4917-9954-08ec5c2804ed,Gary Padilla,218.978.9591,"91352 Carol Keys, Nancymouth, HI 10682"
e6f6e8c5-7570-463a-8db7-623c055d74b2,Allen Matthews,206-972-9307,"640 Edward Parkway, Port Christopher, ME 25110"
d101c32c-78df-4553-a26e-d3005b35bddd,Thomas Long,+1-081-353-4885x17415,"606 Simpson Loaf, South Brenda, SC 20478"
2373d476-e224-4745-94e7-7d344cc5adc9,Brandy Sanders MD,001-315-645-4870x058,"022 Clark Course, Jenniferbury, CT 15119"
a5c8f8ed-2425-4f47-88a0-b1f09f79f54d,Jacob Velasquez,(011)250-7001x5405,"6521 Wheeler Freeway, New Christophertown, TX 46903"
daceb3ee-6f73-4b6f-9d37-48dbb558c7e5,Charles Valdez,001-429-657-7640x750,"80175 Campbell Point Suite 864, Solisbury, NJ 94767"
0847a6a6-2252-45fc-ac32-86ac71948d3b,Victoria Jones,001-706-545-2345,"49068 Kelly Circle, Mauriceport, DE 20094"
a2b3aa26-9ed8-465f-a455-eb70a1f7d0d6,Andrew Gonzalez,809.395.5972x495,"5482 Jeffrey Gateway, North Caroline, IA 41360"
b211e8e8-20ca-47d7-9127-5ca940476a27,Paul Marquez Jr.,(869)199-9408x491,"39889 Valenzuela Trace Apt. 840, Valdezview, IL 68699"
8d2f2c23-b8b0-42fd-8f23-2b75fdc149ec,Tammy Fisher,001-769-283-1184,"672 Barbara Extensions Suite 730, Williamsmouth, WA 72471"
796a685e-fdeb-47e5-addc-99667d6f4ed1,Amanda Wilson,(387)628-7410x77644,"61839 Rhonda Burgs, South Mark, AK 69165"
ddbc19b9-e97a-41ac-be6e-4a931496e018,Melissa Thompson,+1-118-496-6431x9934,"18747 Debra Squares, Anthonybury, SD 17298"
a68cc28d-000b-4454-9e44-344460b53bd7,Anne Gordon,+1-053-416-0651x5769,"55457 Williams Rapid Apt. 699, Warrenfort, PA 90534"
54d03230-a41b-4cd3-964a-3481bf1d3bdb,Robert Guzman,-5916,"185 Anna Forest, Ortizton, MA 89123"
1ce6b661-2ff7-4d0a-9a33-1235a9ff13a7,Debbie Walker MD,(841)385-1226x1986,"PSC 2020, Box 6371, APO AA 48626"
1699e387-97f3-4694-b17e-61cf521c3fe4,Mark Duran,354-279-0122,"772 Brady Forest, Lynchburgh, NE 07266"
26cccfb6-9999-4d19-a283-d8779c89eb94,Valerie Moore,343.612.2429,"Unit 8348 Box 7494, DPO AA 67088"
18c27c4d-dd30-4d8e-a9bd-b70b313dd9e4,Gary Padilla,218.978.9591,"91352 Carol Keys, Nancymouth, HI 10682"
85e9a869-ce7c-472f-8c33-b7ae05ee4675,Allen Matthews,206-972-9307,"640 Edward Parkway, Port Christopher, ME 25110"
6067da4a-3fa6-4526-a2c5-1c80d163c292,Dawn Green,565-944-8965x60210,"34106 Catherine Drives Suite 954, Kathrynbury, KS 72465"
0643c6d7-855e-4048-8b3e-fa2ac899ef7b,Russell Nelson,001-138-491-2575,"1687 Daniel Station Suite 041, South Jason, IA 04833"
c495e281-0849-44bb-887f-147172ce730f,Denise Lopez,(858)726-7149x62769,"47172 Mcclain Brook, Kristenton, FL 24587"
130bd9bc-6784-4e32-8691-7d9bfea0a299,Teresa Davis,-3515,"74063 Green Squares, Valdezburgh, GA 31022"
315ef832-3a2c-40f2-b442-dbdcd73f049d,Tiffany Nguyen,752-653-7318,"77328 Palmer Springs, New Sheila, PA 31786"
dc628c23-3637-4b6c-a4fd-c82558cf80c4,Mary Johnson,-1033,"653 Diaz Drive Apt. 579, North Renee, NC 65373"
5ae9d535-7333-49ac-bc68-ca4717a62fe2,Michael Bennett,511.198.4721x490,"104 Mark Spring, Lake Ericborough, MT 81467"
5ae9d535-7333-49ac-bc68-ca4717a62fe1,Bruce Conner,001-102-264-7262x436,"526 Laura Crossing Apt. 359, Ariastown, PA 22531"
5ae9d535-7333-49ac-bc68-ca4717a62fe5,Tiffany Nguyen,752-653-7318,"77328 Palmer Springs, New Sheila, PA 31786"
5ae9d535-7333-49ac-bc68-ca4717a62fe6,Tiffany Nguyen,752-653-7318,"77328 Palmer Springs, New Sheila, PA 31786"
7ba14233-6727-4aae-abf2-735a562d9fe7,Andre Martinez,083-349-9271,"369 Perez Pass Apt. 437, Ortegahaven, WI 40980"
7ba14233-6727-4aae-abf2-735a562d9fe8,Andre Martinez,083-349-9271,"369 Perez Pass Apt. 437, Ortegahaven, WI 40980"
7ba14233-6727-4aae-abf2-735a562d9fe9,Andre Martinez,083-349-9271,"369 Perez Pass Apt. 437, Ortegahaven, WI 40980"
7ba14233-6727-4aae-abf2-735a562d9fe10,Andre Martinez,083-349-9271,"369 Perez Pass Apt. 437, Ortegahaven, WI 40980"
7ba14233-6727-4aae-abf2-735a562d9fe11,Andre Martinez,083-349-9271,"369 Perez Pass Apt. 437, Ortegahaven, WI 40980"
