Transaction_ID,Customer_ID,Transaction_Date,Transaction_Type,Payment_Mode,Status,Channel
f0fd4732-1034-4c84-a1f0-865c0369936b,ec0383fc-d8ac-45d6-9bb9-c0e24d19eb91,8/31/2023,Purchase,UPI,Failed,Online
8b26f622-b1b3-49ab-b7de-48f333112589,88eaa5a3-ccd4-4a14-b463-86ea55535b4f,4/9/2020,Purchase,Net Banking,Success,Online
e537c310-d7cb-489a-bb8a-05f305198ed7,26c08fb0-4db1-44a0-8589-b9c6ea2c027f,8/11/2021,Refund,Debit Card,Success,In-Store
21426a16-1ba5-4f60-87c3-45b559acff46,a55c84de-0449-44d5-b2df-1404c332f3b9,11/24/2021,Refund,Credit Card,Pending,In-Store
5a7d13e9-301c-4502-b8c8-e7418b8d4f7d,4d647cd4-df3c-4dc6-b265-58a53ee5f9f4,2/21/2021,Refund,Wallet,Pending,In-Store
16187954-a785-46c5-a6f3-3734ef8fa76d,2ed47eb7-8b4b-4594-a04d-e1a63197da2e,10/12/2022,Purchase,Credit Card,Success,Online
80512d8b-75ab-495d-85a5-e8055af70c87,a86a6c99-e9b5-471a-9aad-4c6d9566bbf6,1/10/2025,Refund,Wallet,Success,In-Store
c927865b-282c-4d3f-b5d7-a99fdb589138,ae9a2e9b-a4ef-4f88-9f3d-d064099e3f1f,4/24/2020,Purchase,UPI,Success,In-Store
23561a11-1744-4b77-a56c-ca401ac3ec1d,3e869b9d-4eaa-4f91-a926-f393189ce4c3,10/1/2023,Purchase,Net Banking,Success,In-Store
d1aeeac7-0618-4511-b8b3-b4e5e2e7bb90,022c388f-4723-4494-a4bb-c7bd092568cd,5/1/2020,Purchase,Wallet,Failed,In-Store
ca54562a-2353-40d8-af6d-a67885c988fd,b3adfccf-d62a-4a01-b1ff-72714d9092c6,12/3/2022,Refund,Credit Card,Pending,In-Store
12e0cbaa-c79f-4d94-9e93-db3b6dc52dd5,3cad60f9-7b72-450d-b058-b40c9fce4366,10/20/2023,Purchase,Net Banking,Success,In-Store
7c6e5b0c-147e-49d6-a58c-1fb83264107b,a3d7bbfd-04e9-41ae-96e6-7b459ec5f3b8,11/3/2024,Purchase,Credit Card,Pending,In-Store
1c093c46-4f1f-4fc1-928e-260234fc6f8d,bfea718a-110a-471a-8e24-58d7651698da,10/18/2021,Refund,Credit Card,Pending,In-Store
c29cd741-1994-42f6-a08c-03c824c05c2f,3386e934-307b-4e84-97bf-b068e1fe83d7,9/14/2023,Refund,Debit Card,Failed,Online
4a62e7b0-9dfe-4049-9bf2-09e9555d4c29,712869c2-613f-429a-a234-dc5103d2881d,4/27/2021,Purchase,Debit Card,Success,In-Store
646d96f9-98b9-47cc-8e68-32e393a0a302,f6322b12-d548-40b3-9862-b6c8daa737c5,3/8/2021,Refund,Wallet,Success,In-Store
26ca6805-25d1-48d6-96b6-09af37f64c8b,f92891d9-d183-4d34-9551-9020fba370c5,9/14/2020,Refund,Wallet,Success,Online
e8d5d444-d8bd-40a6-914c-75c18468356e,67326fe5-a96d-4e22-9793-631cb6f6fe9c,10/14/2023,Refund,Wallet,Success,Online
ebded7ac-3ed8-47a9-a283-a9cceecec39b,93ac6eda-9f95-4b02-a24d-0549709a492d2,11/1/2022,Purchase,Wallet,Success,In-Store
c5697578-5670-4fa8-a39b-07e45bfc8e79,93ac6eda-9f95-4b02-a24d-0549709a492d,10/13/2021,Refund,Net Banking,Failed,Online
54f9c6c1-d293-40eb-9290-28ce53277d31,2174e5ad-e5ed-4a1d-a797-c9003c92d775,5/7/2021,Purchase,Wallet,Failed,Online
e5e4c5de-fa23-4d24-8d61-4a6185cb3963,85abb968-c34d-4bb9-b5e6-f7ffeac0eb58,5/7/2021,Refund,Debit Card,Success,In-Store
e5bf0ddb-cc06-4569-83bc-b937b999f616,8b66d5eb-caf7-4d55-be7b-794e34094ed2,11/15/2023,Purchase,Wallet,Failed,Online
5f717327-4733-4f83-8cd8-4d95034ad5a2,a30b0218-c522-4559-adcb-728f83b913f1,1/6/2025,Purchase,Credit Card,Success,Online
0aa1fd6f-91d6-4822-a19c-cfbe853ef548,cdccbe82-4e82-4868-ba3f-4fc84b6ad4aa,7/13/2021,Refund,Net Banking,Failed,Online
10ea923d-2739-407d-93d5-d13804825a66,0a5eb05b-c4eb-4179-81ad-cfa291378521,1/29/2020,Refund,Net Banking,Pending,Online
b3754a19-d67b-4e1f-9536-48190fcf12e9,18845896-b5f5-40e2-9e4f-9bdf1b4ca3f5,8/27/2023,Purchase,Debit Card,Pending,Online
4021cce3-ac98-4f52-bdc6-f1fb7c967ef5,f2252553-0e47-40be-8be5-68d5305fdcd4,8/15/2022,Refund,UPI,Failed,Online
fb3b7058-0ce7-48f1-8357-bb24c44f23b7,2bd563a6-f896-433a-8606-f9322a0becfe,9/27/2020,Refund,UPI,Pending,Online
e3670363-449b-4a1a-bde4-f5e6323453d5,b32a02a4-39a5-4b51-93e5-939767baa77a,6/30/2020,Purchase,Wallet,Success,Online
a9d09fa2-c7fa-4d3e-8976-56df66d211bb,279b0326-8429-4382-86f7-3e63c002ce9e,1/30/2020,Purchase,UPI,Success,Online
c140a6cd-1614-4407-9a25-a9bc0cd5117c,78c85ff8-46a1-4415-a570-cd8a7c5f983b,5/17/2023,Refund,UPI,Failed,In-Store
253e7e39-9a30-4769-8ce2-7677a187ed5b,a040effd-8555-4386-b7ba-2605d78e26ce,12/20/2023,Refund,Credit Card,Pending,Online
b4a6d3ab-670a-41c0-a7ce-bd4328744402,bf903836-d212-4efc-ac70-a7e0ad1250ba,5/31/2023,Purchase,Net Banking,Pending,In-Store
36d510b0-26cd-4558-9bde-0eb2cb6b296b,be146aab-f28d-4b8f-8d0f-a06c47bde6eb,7/14/2024,Refund,Debit Card,Pending,In-Store
ec813c31-ba3a-4d48-b3c3-b8b584cbb411,55bd856a-7063-4029-8894-34b88abd7dee,9/3/2022,Purchase,Wallet,Pending,Online
5a4e0f87-3437-4c36-8313-d8b210b6c97d,0155e4b8-2cca-429e-81b0-16f87feda9b8,11/29/2023,Purchase,Wallet,Success,In-Store
8297b9e4-284b-430b-b032-b995b6d0e2c9,5cc1fc84-e33b-4455-b6f7-5c110bdeb4d8,3/9/2023,Refund,Wallet,Pending,In-Store
aa300707-456c-4da2-a309-89e100cfda00,42f8971c-554d-415c-af75-5b1c214b88ba,2/10/2020,Refund,UPI,Success,Online
6caf7baf-8b1b-4efd-b256-b065622038c0,3346bd8d-822b-4fb6-93ba-f922360f050a,2/26/2021,Refund,Wallet,Success,Online
d83730e7-f402-4952-9046-348f890c036d,901e83c5-e243-43c6-83fe-18372a568692,9/3/2021,Purchase,Wallet,Pending,Online
b21ab477-0966-490b-bcab-182a102c138e,1ba7c4ac-dbca-471d-b2d1-8cb3beaf3a25,6/13/2022,Refund,Debit Card,Pending,In-Store
3a4bf6d9-8447-4bff-ad81-2bdbf284d781,977153d1-b80e-4f8c-b4af-01375b4a722a,11/9/2021,Refund,Wallet,Pending,In-Store
a38660d0-bccc-4868-bbd6-fb20be645d7a,480dd8d9-0a6c-43b6-9a52-36700f322ed2,4/7/2025,Purchase,Credit Card,Failed,In-Store
08cc63ac-db40-43ab-8e0a-eafd88dae3bc,10f57980-afa7-4c0b-bc46-07ba4d81d26d,7/3/2023,Purchase,Debit Card,Pending,In-Store
72c5da6f-f64e-456e-bd01-471d991a8cec,a2707d13-c97c-4369-bca9-45b0377fad2f,10/8/2024,Refund,Wallet,Success,In-Store
24b6cfbe-7fbe-401f-a76d-3f206f6d1868,8d03949b-5827-4741-bfb3-def447b36bec,3/13/2020,Purchase,Wallet,Failed,In-Store
68879f56-09e3-49d3-895a-268882b56c33,fa2ee276-9133-4dd3-ac68-77b2c8c32e69,8/20/2020,Refund,Credit Card,Success,In-Store
7d6061b2-092a-4274-828e-2304465950d9,c2d16a95-f5ea-4fbb-b4f9-5021c69c2dea,9/5/2022,Refund,Wallet,Failed,In-Store
0b535cd0-9f1e-436b-9e13-f0c0b31b3838,d7c8a026-488f-42b9-8deb-efcf87038ad6,6/10/2022,Purchase,Net Banking,Pending,In-Store
14132740-9799-46e2-9b7d-b7049572abf0,4afea45c-7453-4c12-bca0-d973bfff2c0e,3/17/2025,Purchase,Debit Card,Success,Online
a8432291-ae32-4d54-8b9c-e811d2cc5052,8147ba45-4b66-482e-a499-faa75aa7a3d2,2/7/2025,Purchase,Wallet,Pending,Online
c3977d42-ece3-4ca5-b2fe-06fd4bf548e7,95c8bce6-36f1-46ed-a8e8-6f9f1f70a04e,2/26/2022,Refund,Wallet,Failed,Online
5c8f684e-1996-4a9c-9328-d7b99b9958dd,f0ad336d-007c-41da-afa7-93091ee27891,6/17/2020,Purchase,Debit Card,Success,In-Store
1ee790f7-f444-46f7-935a-8cf7acb73930,d673f441-37f6-4a00-a390-9fd7c1cda98c,7/22/2024,Refund,Debit Card,Pending,Online
b6ea31a6-fdcb-40b4-899d-f09a4739e833,20eaeb90-1809-469a-83e0-4808eb5d5e03,7/22/2024,Refund,UPI,Pending,In-Store
764f180c-e870-4403-9812-7098b386983f,7e91aed4-52d1-4a0e-b996-64742e13406a,7/15/2023,Purchase,Credit Card,Failed,Online
22b086a4-2a7f-473c-9436-35bc0f755d51,26dcc69e-5532-47b4-8ebe-0993c2a0cf3b,1/4/2024,Purchase,UPI,Failed,In-Store
35ce01ff-77ac-495c-a948-5cb03dc9777c,4f3fa6cb-8d04-4a87-9c7c-53c0f6ee7e62,8/7/2023,Purchase,UPI,Failed,Online
01ff27fe-92ff-42ba-913d-15d27d3b435c,844421f7-8b6d-4c0d-b496-f8ba06ea0ba6,4/17/2025,Refund,Net Banking,Pending,In-Store
617e5ac9-673a-442c-b7bf-9de7b9b50dcb,06f0fa2a-d5eb-4470-98a6-7978e5a962e2,9/20/2020,Purchase,UPI,Pending,Online
395afc33-1f6f-4f7d-98f3-c8bed0cdee93,83088f42-49f5-4cb2-8dae-c2d807badf56,8/22/2024,Refund,Net Banking,Failed,In-Store
028ee95a-62f1-4e28-a486-4ed387be45db,095c5048-8d76-4b0a-ab75-6c9380d24e4b,8/2/2023,Refund,Credit Card,Failed,In-Store
4d82209e-d8ae-4691-ab4d-1c3494e50327,dbb14d67-13ec-4a9e-9572-067742b1d0dd,1/16/2025,Refund,Net Banking,Pending,In-Store
4cbd857b-d5e7-47bd-9b6e-3f79d2875a8b,e37d186f-7c37-4773-ba8e-fd01da5945d6,3/2/2021,Refund,Credit Card,Success,Online
2cb0c132-1826-4ed2-af2a-9e4e392669b3,86f05e19-23c8-4a77-82dc-e7c1047e3cb1,9/8/2021,Refund,UPI,Pending,In-Store
8ff66548-2978-4ca5-95ed-6dc435dc20fc,c9be472f-dd6c-43a5-8e7f-4798f33ae8c6,5/5/2022,Refund,Credit Card,Failed,Online
d56b19c0-5d43-4a82-89a9-72ad6679cc26,b1d7c3c8-4cf5-4348-8087-726ae91ece1c,8/29/2020,Refund,UPI,Success,Online
13a81a09-de2a-474e-ad5c-141abcf3e0e2,b34ab5ae-75d5-4bbc-ad1b-f26f6fc0014f,9/26/2024,Purchase,Debit Card,Failed,Online
fe2c2a5c-af0e-426d-96c1-1c92a6ff9a87,55b101ad-e9ce-4a04-a106-ee5fcdfaed3e,8/26/2023,Refund,Credit Card,Pending,Online
2790e157-ef6e-47a9-a088-7de5c3ebd03d,8e575842-15e6-4a8a-b3a6-25a272e5e923,12/13/2024,Refund,Debit Card,Success,Online
6ccc061a-3a64-4092-ada1-1c98a3375b56,2c3bab41-7af8-4f5f-af36-1d743ee08697,8/20/2021,Purchase,Credit Card,Pending,Online
5dcdeeb2-740c-435b-9664-e45108a7b289,0caf77b0-85f0-4bbb-b2d1-5712fbdc612b,9/3/2023,Purchase,Net Banking,Pending,Online
7948092a-0a42-4157-8ae7-563c3913f4fa,ac99ef1f-bedd-4b5d-960c-f486c3b666b2,2/19/2023,Purchase,Credit Card,Success,In-Store
b8a1b24c-3309-4ffb-aba2-1e2143de06db,6c4e22ca-dd88-4fc9-8bdf-4d5e4f5fbe50,10/21/2023,Refund,Credit Card,Pending,In-Store
d84e3c40-e300-4d5d-beac-483860792de9,df4d894b-c55f-484d-b442-d3a02a206c18,9/26/2021,Purchase,Wallet,Failed,Online
ad739c12-5544-4ca0-b5ab-d4af52e120a2,a84825f2-df78-4bd8-8058-b1c4b08e271b,5/2/2023,Purchase,Debit Card,Success,Online
1d9aa985-542b-4443-8183-5bd311517490,e6eebd06-a308-4c28-8541-708e4d29c229,10/8/2023,Refund,Net Banking,Pending,In-Store
1809062e-e9c2-4fa7-aecb-a1938c441508,c02fed8c-9133-4d6b-b4e3-c18d6c09e24a,7/22/2022,Refund,Debit Card,Failed,Online
b0468c49-b5d8-405f-a358-87d4795095bc,40aec160-b60f-41f4-b204-43d951998f6d,3/25/2024,Purchase,Wallet,Success,Online
01cf918e-fac0-4444-82fa-87a31a8ba754,282b0113-651e-401d-9720-13792a6105a5,9/4/2021,Purchase,Wallet,Failed,In-Store
8387d737-9c53-4d76-94bf-aa91f98ed0a4,00c30e39-7fea-4417-bd36-3bafb6df2ed9,1/24/2025,Refund,Wallet,Failed,Online
81ed5a14-3c78-4c50-a780-19b4c691a7b2,3d6fea22-906b-4b29-9ad7-ec1d1daf9fde,9/20/2020,Refund,UPI,Failed,In-Store
5ed054f4-5a3b-459b-8edc-b363b7b4a0c7,33aa19c0-9c1d-4169-845e-6ca14cd6c2af,5/22/2020,Purchase,Wallet,Pending,Online
2a0f7d6b-6e39-48ab-97d0-85506423539d,1de6487c-037f-4f8b-8145-33e3acaaef23,4/30/2020,Refund,UPI,Success,In-Store
271f90b4-b323-4864-be43-138e5dbd345d,c535e120-907a-4219-b363-e395c88e7006,2/19/2025,Refund,Wallet,Success,In-Store
ccd0cd0d-6542-44a0-b721-f80a2c47939d,fdd932aa-12ec-497f-bc0c-ac228723db82,9/4/2020,Refund,UPI,Success,Online
ed60f4f3-8f84-450d-95d8-b647257a65ad,07f8a5cb-dd66-40f7-8f20-b0c0e23bcd55,8/20/2021,Purchase,Net Banking,Success,In-Store
a9d81b28-16b4-40cd-a828-9321d9c37abe,48f5f122-7fab-4467-bb46-efcf425e604b,1/29/2020,Refund,Net Banking,Success,In-Store
e5382892-fe5a-43fb-b415-8a19ef3d7d3a,e6a4679f-0492-42ac-9761-9d4413a428c4,3/6/2022,Refund,UPI,Failed,In-Store
07b8faac-db19-4fb9-9675-25a3a26ca430,85cbd3bb-8594-4230-b676-999fe9ff0866,5/10/2022,Refund,Net Banking,Pending,In-Store
112612a5-dfbc-47d7-9c56-a31b4d065dcf,7ea42b2e-2eec-4123-b993-d528d8ac1f4c,12/15/2021,Purchase,Net Banking,Success,In-Store
c184f332-3a48-4286-b9fa-08632d60fed2,d8dd90ce-079a-45fa-a406-735c648ef857,11/7/2024,Refund,Wallet,Failed,Online
09687244-cfb9-44a1-b728-1faf571cacb0,1b2e7848-d666-4644-ac68-faf3e4905bb2,2/29/2020,Purchase,Debit Card,Success,Online
01656668-d96f-4f97-952c-4507a590b143,5c3aa6b0-a44f-49a7-91f0-ee2183d9b313,11/1/2024,Refund,Credit Card,Success,In-Store
4f964f57-142b-4f8d-9f72-0639a47895f3,43afb88f-a1dd-4d31-8d52-108773cbe601,11/29/2023,Purchase,Wallet,Failed,In-Store
aa83a9e1-008e-4143-ba20-536ccae6702b,a483a060-c1c1-474e-aebb-0020c5f10216,9/27/2023,Purchase,Debit Card,Pending,Online
80db19d4-1455-4776-86ec-517ad22fe10b,b169822c-b0f7-4c42-95da-79acf42cda65,7/28/2022,Refund,Net Banking,Success,In-Store
3f871048-b0a3-47c3-9901-d4267a52bcd6,94fd75d8-97e6-4398-bea1-2bac4fb62b38,4/18/2022,Refund,Wallet,Failed,Online
359e577d-d63d-46dd-b779-29fa5dcfb9ab,4f5e74bb-4a11-4d31-a8c1-ca6359510c6b,2/21/2021,Purchase,Debit Card,Pending,Online
5471c680-644e-4d43-8bb3-71398319a649,a5b9ba93-33ba-473b-8e6c-91f2abb88cf2,11/15/2023,Purchase,Debit Card,Failed,Online
740252a3-39ec-4100-a0d2-7087bbfb0364,11174211-a3fe-452f-bc85-6dce79ac4988,8/11/2024,Refund,Net Banking,Failed,In-Store
b4a2f9d7-242f-434a-9f1d-3524e05148da,6e276832-ef61-46bc-978b-154797b19889,10/13/2021,Purchase,UPI,Failed,Online
f73eb349-3e2e-4dfc-807f-eec99c6b0a93,c940e63d-477f-4293-bef5-beb89eede96c,9/12/2023,Purchase,UPI,Failed,Online
9f23c528-4e1c-456a-aaf6-0902aacdd329,840a89c9-42d6-4b80-840b-d088c4fcd801,9/12/2022,Refund,Credit Card,Success,Online
0580fcfe-6e55-4c25-8076-4ea310712326,2aa23a71-09f6-4016-af8b-7b45408f7307,8/31/2022,Refund,UPI,Success,Online
0646c2c9-7fb4-4765-b65c-97fe6d74d273,6d6eaf99-6eff-4b70-b7e8-39d6c799832a,9/12/2023,Purchase,Net Banking,Failed,In-Store
2d572079-b728-4827-802b-f089c9970564,029d647d-cc83-4e11-bc96-1eb0b9c45a40,5/21/2021,Purchase,Net Banking,Failed,In-Store
9e0fc98e-6db0-48d1-87b1-bb2f1bb5babc,5d5d5d66-bbef-4737-8ffa-217f7ea273a6,7/22/2020,Purchase,Wallet,Success,Online
bd6158ab-2fc4-4eaf-b888-2780ec6f987b,1bf81d4c-e1c8-4934-a6ac-8b1961c57215,4/8/2024,Purchase,Wallet,Success,Online
7a49f121-9ab1-4c36-8dcf-76daae82976b,a7f0187f-6089-4270-8320-98e24ed2f24f,10/13/2020,Refund,Net Banking,Success,In-Store
2edf2635-c910-4fcc-a280-857ebc581374,371ad705-839c-4328-aa2e-b357f44bcd4d,3/16/2020,Refund,Wallet,Failed,Online
6749c0a6-2105-492b-bcff-cbd040adf8ea,649073bf-8184-49f5-94d8-6f3b2ad7c3c9,8/14/2023,Purchase,Wallet,Failed,In-Store
f6b786f3-f85b-4f05-b7ea-e1de75956966,e5fd4f7f-3803-4ce3-ae85-7823e7b344e1,6/5/2024,Purchase,Net Banking,Failed,In-Store
1e311a2b-ca60-4fab-af4b-4ade08ee2c8c,d2e0f791-44df-4439-ad1d-d55742965616,9/24/2023,Refund,Credit Card,Failed,Online
cdc06416-82c3-4a91-9b92-fcc6dd651c5d,d08c08ba-004e-4dab-b43a-e179550bbc57,1/3/2023,Purchase,Wallet,Failed,In-Store
1bf75dca-b79e-4678-a9d1-dbfdf289ac50,83243646-c0b0-403c-90f5-dd1e486b9055,3/3/2025,Purchase,UPI,Pending,In-Store
ab4515c7-8a68-4966-a104-79ac5416df56,7bfb20f4-fe72-4bb9-8f00-166695164f9d,4/10/2021,Refund,Net Banking,Failed,Online
3099d0e1-0abb-4df3-831e-be4daefe8741,0a7bc549-ea40-4e6e-977a-8436b669bbdc,5/7/2020,Purchase,Debit Card,Pending,Online
a2bd3e7b-789a-4a40-8b73-20841190befa,1c98754b-330c-40f1-8947-4de77084c15d,6/4/2021,Purchase,Wallet,Success,In-Store
a2a7bd97-a483-4aba-aec7-d160d5077731,672469e1-3ab3-4e28-993e-47d380c7e6a7,10/25/2024,Refund,Debit Card,Success,Online
861f8655-91eb-4624-bf34-d334d3ee5733,c0c68cf4-42f1-4f5f-8f12-31a3ff71b151,1/5/2021,Refund,UPI,Failed,Online
37608c72-6a76-4a07-84ef-82bcdf537f6f,2ed2f4a2-def2-4639-963c-5105717335ca,9/17/2021,Refund,Wallet,Pending,Online
febcd8eb-d4dc-49e1-8c22-94ba47fbbb6d,c11913dc-251e-4201-985e-1966792a3c5c,1/5/2021,Refund,Debit Card,Success,In-Store
96054da1-9db2-402a-856c-b4004ef8c569,3e3959a9-cdbf-460a-afc6-c065969b85f9,9/25/2024,Refund,Credit Card,Pending,Online
18b14d5a-2a32-4480-a35c-8a4f84de8202,806ae88b-97d6-4960-9440-957d53967839,3/31/2025,Refund,Wallet,Success,Online
c9017ec6-e208-45a5-9171-c0a3f92e19b2,a622775d-fe7c-49fd-83ea-91e5cfe8b983,11/3/2022,Refund,Credit Card,Failed,Online
c2b1cabc-353e-4cf4-be20-2202367086d0,ac5444c3-675c-4099-a831-37b23a7bc798,9/21/2022,Purchase,Credit Card,Success,Online
076ee8f1-556a-44f1-ae4a-72be37a94f4e,f1126333-f933-4821-9af4-c92e83351e7c,9/15/2021,Purchase,Debit Card,Pending,Online
4277bbd6-40a8-4ef1-a161-242b5a7f5f7b,abf9bef6-9a69-47f0-892b-d2697e20d070,6/19/2022,Purchase,UPI,Failed,In-Store
301d75e6-bba6-467c-aa3c-cb28e2f0642b,40044dba-9e37-4f11-aff2-1fb094653633,3/23/2023,Refund,Debit Card,Failed,In-Store
0d44ff39-7ecc-4936-9cf4-ffb75962351b,263b74cc-dc2e-4993-9a5b-809cb96bae22,1/21/2025,Purchase,Debit Card,Success,Online
e02d65ba-1e42-4c6b-bd2d-7a64111142cd,1e91f850-7a94-40ad-b09e-b8d920570d38,12/4/2021,Refund,Debit Card,Pending,Online
5eaa21fd-1e8c-4379-b63b-df671ddeec07,b9e743d8-4e82-4391-9aee-853ea947489b,4/7/2021,Purchase,Wallet,Failed,Online
a1e0ee26-ac96-4aa2-a6e6-d9b5b2a99281,59ee60ec-eda5-4861-ab00-69cee40b6ef4,2/27/2020,Purchase,Credit Card,Pending,In-Store
be033dff-6dd1-4270-88cc-b2488175e00a,a9e5fec8-1919-48e6-b586-ebcde3fcdec0,11/23/2022,Purchase,Net Banking,Success,Online
4ec1fe91-fae4-4785-b9ac-3453748f449a,f04b29a0-f7cd-47d3-90fd-5ce36cae2b6d,11/7/2022,Purchase,Wallet,Failed,Online
a28c332b-97dd-4ac4-9fd9-41a05de2eed8,cc2b033a-3fb9-49ea-bdc2-57cedc12cec1,2/24/2024,Refund,UPI,Success,In-Store
3c48c27d-080a-44b4-9d3c-f043668b70c5,447a4c89-eb40-4542-bd84-2b902fa2436d,10/9/2024,Purchase,Credit Card,Pending,Online
75daf3c2-aded-404f-a954-3db0bb24e0e1,4f71e359-d57d-4321-8935-d8195a5e18fc,10/1/2021,Refund,Credit Card,Pending,In-Store
9b5b6e6d-d1a6-4876-95b8-0998b2d464c5,b003e94c-70c1-494c-9d3a-cd568598024a,11/25/2023,Refund,Credit Card,Failed,In-Store
3a187dc4-cabe-413c-9519-316222e5174a,94f5fcf7-0130-4ced-ba5a-f92a9b02ecf0,2/16/2025,Refund,Credit Card,Pending,In-Store
cfcfb48a-2e46-491c-a45c-89e434fa8aa1,c11e732b-3f67-4e83-8cf1-a7026a2a33ac,6/14/2020,Refund,Credit Card,Success,Online
5befe016-1fa6-4275-94b8-47338b57f76a,62f904b4-665e-41f0-821b-7d03514312d9,3/19/2022,Purchase,Debit Card,Success,Online
6969cac8-6d50-444b-b07a-254469f786ca,51471302-b32c-4c4a-8b21-552c0d7e51c8,12/2/2022,Refund,Credit Card,Pending,Online
e86f7023-45ea-4978-be21-0a2e2f3daf92,d8c80f8a-4af9-4ab6-89d8-77fde98779db,12/20/2023,Refund,Credit Card,Failed,In-Store
03880cc5-2af5-45eb-b592-93ceddf65d36,967ad665-a456-40f2-964e-6ae684d46a03,8/23/2023,Purchase,Wallet,Pending,Online
6adc3a10-3470-4ae7-baba-0e43affee583,187d6195-dcd4-4ef3-bf9f-b509b33937fd,11/30/2020,Refund,Wallet,Failed,In-Store
de2943e2-5c9a-4993-aba2-7c71df72041d,cf0caae0-5cbb-41a4-a495-6068a6a9f1f5,3/28/2022,Refund,Debit Card,Pending,Online
97f60552-d8ff-4e65-a2af-7ba8cb0525c8,6645f5dd-dc55-4aa5-b551-8092f11a3ea3,9/7/2020,Purchase,UPI,Failed,Online
2e7f2ae9-5770-4b29-986c-d90e2a39a7df,fc5e2eff-62a1-40ee-89e9-f264e2d37738,5/6/2023,Refund,Net Banking,Failed,Online
5e196c50-ebf2-4837-b5cc-05af0567ef20,a4c33373-ff04-4958-b64b-c9b2bf268fe9,10/11/2021,Refund,Credit Card,Failed,Online
6d337231-08cd-49c7-9b20-69af23301fff,051f8efb-0544-4179-b502-b7b12b58f8ad,1/27/2022,Purchase,Credit Card,Failed,Online
fa8e9e2b-cc0f-4d1b-ab73-d78bc61548a0,0568ec51-12b8-4e12-9441-721bd9ad40d8,10/26/2021,Purchase,Wallet,Failed,In-Store
fb2e2ea5-9a16-4ae2-8b06-06ac54765bfe,d8b3e0e7-11b8-4f39-9c06-4ca604fe2c74,9/22/2021,Purchase,Wallet,Success,Online
f5a5bbab-e53a-49cf-bc22-569f1d5449e9,177fdedf-f2c5-4f47-9fe3-f96a30002680,11/2/2024,Purchase,UPI,Failed,Online
07e7f433-9c62-45e3-ba59-a21b3480eb8c,7ddd634a-1e11-419b-8429-8f2ee94a4c14,5/2/2023,Purchase,Net Banking,Pending,In-Store
907260c0-1918-4907-b4cf-a108f7282479,1f4daa9d-5e76-479f-bf4d-fdc578da2393,9/1/2024,Refund,Wallet,Pending,In-Store
240273bb-38fd-4181-a740-88b6ff39c358,fbd7655b-4c3c-472b-9441-120dafbc37b0,3/23/2025,Refund,Net Banking,Success,In-Store
80890639-68f2-48ea-a90e-0dd4ea36acc7,8c52a3ec-a861-4437-909c-5cba241cbd78,8/10/2023,Purchase,UPI,Success,Online
450f9355-751c-4ad4-a02e-fa7d4acab0e8,5bfdae72-b6aa-44e9-adea-4360b5d60454,12/29/2022,Purchase,Debit Card,Success,In-Store
61f1c77a-e1f0-45c3-a1b2-97744ebfae06,7cd4f9ba-546a-41e8-9332-62f37c6b504d,1/24/2024,Purchase,Credit Card,Pending,In-Store
dd10d5a2-856e-4a9c-b53a-f8a870a22983,8b91e819-b2da-410f-b214-d3c78f6fc538,12/25/2021,Purchase,Net Banking,Success,Online
523f8434-99d5-4367-b689-165d48932053,9bf5136c-dd1e-4f58-9d26-520de57b9c3e,4/24/2021,Purchase,Debit Card,Success,In-Store
47fbf775-faad-4b01-b9af-0e5131ee9fd1,2d0331ff-2b4e-4339-88f4-b540f21becb4,5/31/2022,Purchase,UPI,Pending,Online
46c2de6a-26b8-4ce8-a4e7-ade0b1e31207,97588bac-5180-43fb-95b2-b8eb3d8fad22,4/21/2020,Refund,Net Banking,Success,Online
c26413a3-3415-4d1c-9098-13096f82026c,d2203f09-ecca-4e26-b1db-01aa265418b9,9/24/2023,Refund,Credit Card,Success,Online
77af716b-0d9f-40a8-b7cb-491296d0de14,b39e18d1-74b0-4cb5-b5c5-311bdacad719,8/4/2021,Refund,UPI,Success,Online
de573b43-14a0-450d-9742-b99c8d5e8a4b,9073f6fe-69f3-4973-9c05-7291fcd8e8d9,11/17/2023,Purchase,UPI,Success,Online
c2933f44-c342-47e1-8ef1-f74dbe959915,5e1d0345-5020-4c98-a0dc-34bc01ff1845,9/23/2020,Purchase,Credit Card,Pending,Online
b3897e53-d958-4b52-bb8c-950e47e9a1c5,0d2166bd-e0d6-4c7d-965b-ba527cec0a9c,1/29/2024,Purchase,Net Banking,Success,In-Store
347fc533-2b04-47a5-bd76-00e9eda52acb,1333a48b-8505-4d3b-a98a-23fe2ae32eb9,9/1/2022,Purchase,Wallet,Pending,Online
6745846e-1b14-4ddf-9272-f3ec69338ebc,a3d1a525-214d-4e80-b5ac-84146a1e5568,10/31/2023,Refund,Wallet,Pending,Online
36c35335-1ce6-47b3-b5ff-16a4ebd18c33,714812ba-bbc2-42b3-a0bb-b5dd185fa8f6,8/2/2021,Purchase,Wallet,Failed,Online
9f0d23dc-e026-4fd6-8241-2f45326bb7c2,25fb2436-93e5-41a4-b694-58f9e540593e,11/22/2023,Purchase,Credit Card,Failed,Online
3d47c7ce-6efc-4152-908d-05e9bf086764,539d972b-cf60-46dc-8f44-c48a97d13fa8,3/3/2025,Refund,Credit Card,Failed,Online
ce417bfd-c6a8-4125-8643-a166e687bca6,4f70ace9-7316-4a2b-b60d-d303e0e6b96f,7/29/2021,Purchase,Credit Card,Pending,In-Store
cfddec84-1e92-4079-b1b5-31f2f9adee37,2a75c92d-8801-477c-872e-6da33413f7d7,2/9/2020,Refund,Net Banking,Pending,In-Store
5fb027b4-eeca-4c03-b918-c5f248f94c41,a4da6294-05aa-4324-8ac8-8d8b6fea6ea8,2/2/2021,Refund,Debit Card,Failed,Online
12bc22fa-f0c8-43f2-b901-0fe50046f94d,eb88b925-c22b-4450-bcc6-d2b22057af97,6/10/2024,Purchase,Wallet,Pending,In-Store
04fc93c2-797d-4899-b383-b218c7633a95,0e93eca6-d6cb-4b56-8df3-f415d26441f4,2/6/2020,Purchase,Credit Card,Failed,Online
55703ac3-6e5d-4321-835b-fd3dd9bdb943,b7ce3a4f-f1e8-4195-a02f-6f1ad2d189bf,7/28/2021,Refund,Net Banking,Pending,In-Store
929eeab7-0058-46ab-95bd-49b6c62e0cd7,daccdbac-f53e-4d41-9289-c4b12fccdf77,11/4/2022,Refund,Net Banking,Pending,Online
fefb5f9e-1c49-42a7-b1dc-eadd93f1cc90,745236e6-ef28-4474-9445-d1caad6f305f,2/27/2025,Purchase,Debit Card,Failed,In-Store
610d5853-8e8f-46a5-a6a5-3be104d91e9f,25c8b679-eaf9-4b8b-bf15-508309a2658e,4/4/2022,Purchase,UPI,Pending,In-Store
19c0dda7-d74b-409f-b601-041697c85740,79bcf696-f704-4960-bb65-e93d45fc1f49,5/5/2023,Refund,Debit Card,Failed,Online
b1bb96b0-9a11-418f-9db3-092912b47396,c1af32cd-ae62-466a-aa8b-0c3c7768f909,10/22/2021,Purchase,Credit Card,Pending,In-Store
2ea90d18-58cc-4018-a87a-520b13091148,f3bed455-e6de-4380-81dc-0ad099831955,9/22/2020,Refund,Debit Card,Success,In-Store
cf53a520-daeb-4706-9ced-1db514a0aceb,d7ae0651-5e7d-406e-a7e7-615e3b00db8f,7/9/2021,Refund,Wallet,Success,In-Store
4b8a5fab-e4dd-4389-abce-529248f4485b,fa21f5fd-bfd2-4c5a-8adf-6a44aab571f0,6/18/2023,Refund,UPI,Pending,In-Store
5c938ac2-3379-4f11-9431-ef854ae16772,759f23e2-00f0-4400-bf8e-eb16ad1621e0,1/31/2020,Purchase,UPI,Success,Online
3843aabd-548f-4fba-a58e-d99baa53d8fd,ccc66c60-1dfd-4b4f-99e2-8c5668d6f17f,4/5/2021,Refund,Net Banking,Failed,Online
06402632-f9ee-4d5e-8a58-52bc55ba4a3c,c3a12c53-5753-44a5-a69e-f9490978dc01,11/22/2023,Purchase,UPI,Failed,Online
3ca2b4a4-374f-4a92-89fd-65a92b5ca0a6,a4ac0d03-fcd1-4706-9043-1479fb2c3af2,4/9/2025,Purchase,Net Banking,Failed,Online
a5044f34-c5d0-4591-8b42-83fe4b658cc6,829cfbf8-3f56-4d83-a8f8-c201c2388487,1/7/2024,Purchase,Wallet,Success,Online
18b532b6-52df-4b3d-9797-149ff8b6a623,22307412-ec12-4ad7-8ae3-a29b248f5e5a,5/29/2023,Refund,Net Banking,Success,In-Store
325bc0cc-d39c-4d7f-8ff3-0a20a11e48bd,40ce0c4b-bca0-4eaf-a1e0-1771d22941b8,4/1/2025,Purchase,Debit Card,Success,Online
90a86121-066e-452f-9e06-43c0f63112b4,ea84617e-310f-4850-aead-32f01e0e30a6,9/3/2024,Refund,Debit Card,Success,Online
5d611bec-defd-4e37-805f-274957070471,d4ab17b9-d7bc-4553-8639-3fc91cb242c1,7/15/2022,Purchase,Credit Card,Pending,Online
438d7f16-601b-422c-8865-624f4d446d66,f05d232c-2a59-4105-809e-47c8bda8c0c7,4/14/2021,Purchase,Net Banking,Pending,Online
aecb974f-2c41-44c2-804d-e1d67a3036c4,e025be7d-c5d2-4d00-a1d6-c993864764c2,3/25/2022,Purchase,Debit Card,Failed,Online
dc77f292-c6b2-4876-bc7c-6e1ffe894bfb,b2740cc2-72ee-454a-95bd-b5f35a644c8c,12/25/2021,Refund,Debit Card,Pending,Online
e5f46ed1-382a-4fb7-a843-031e78f740fb,09e02698-d905-4818-840f-22b02d7d35c4,11/14/2022,Purchase,UPI,Success,In-Store
0836f9f1-a075-4296-b8f4-fdc456a58302,a5716aaf-a07c-4beb-99ea-33c7b9b39707,1/3/2022,Refund,Debit Card,Pending,Online
c06545a2-be30-47be-95ad-ca80495475f5,2de00eb6-f99a-4b51-8ba7-35d5b582f677,7/25/2022,Purchase,Debit Card,Success,Online
e69029f8-070a-42fa-b3d2-7b13138a3bb3,2e997903-1b53-4529-acbe-bb9078336f98,4/23/2020,Purchase,Net Banking,Pending,In-Store
9999f64a-a12a-4e8b-b7a6-39ed74ebce4c,2b578f2e-e2e1-4380-81c1-8df6f6c5c122,4/29/2023,Purchase,Wallet,Success,In-Store
0f6ea6ee-e27e-425f-8e6e-d1793541b6ef,1970701b-cf2f-4ea4-a218-0c73a25ecd08,10/23/2022,Purchase,Debit Card,Pending,Online
ce49c130-34e9-40d2-990e-36ffbbd57d2f,6fec1360-fff0-4982-8084-8b79adf5a84c,4/7/2025,Purchase,Net Banking,Success,Online
3188a1aa-5722-41d8-b228-f85cfa3e6301,6fa7bfc3-9977-4392-b8b4-71247fce6011,12/22/2024,Refund,Credit Card,Pending,In-Store
7ae6b479-e34e-48be-a697-1774faf9a689,6750dd34-985c-417c-9d21-eb9d1a214070,6/29/2024,Purchase,Debit Card,Success,Online
26af715d-bc82-44e5-840d-2b1e28e4d728,1aabc3c6-1103-4ed5-aeca-5acaadbc166f,9/2/2022,Purchase,Wallet,Failed,Online
2fda6238-0faa-4a0e-8746-d8a3e8122d26,0b7c4271-02d0-4485-8eff-c094a804bf57,2/3/2022,Purchase,Debit Card,Pending,Online
4fa15d44-7da3-4abc-8c82-11190043d78c,5daac158-23fa-44ee-b2a8-42005aa133f6,1/1/2021,Purchase,UPI,Success,In-Store
999e446f-2214-4da0-b888-fcc23a8d72c6,bdfe460f-664b-4ae1-99fe-cb4b3ffd7525,5/6/2024,Refund,Credit Card,Failed,Online
122eaa4e-285f-438b-abac-910beeed6fb7,01fad946-cd00-4859-9190-697d38071cf9,2/12/2024,Refund,Debit Card,Success,Online
a397534a-fa21-4515-a602-9d5d026b8421,5df0ba74-4a41-49d7-9487-7bed2c1755e4,10/29/2020,Refund,Credit Card,Failed,In-Store
66a09c6f-dd25-4e72-a63d-73e8dcd335f6,f1cb3241-3343-4a6f-a8d4-ebee0fe486f3,6/3/2020,Purchase,Net Banking,Pending,In-Store
99e163cb-5fee-46ae-959b-d883eedb2ff2,30ea39fd-ed80-43c9-bda8-e98474a1c2b8,11/24/2023,Purchase,Wallet,Pending,Online
83c04161-1765-47d6-94a8-ab849b89772b,2d6fa26f-f48f-49db-9793-799a93344817,3/4/2021,Refund,Wallet,Success,In-Store
04d3e39e-388a-402c-adb2-4edc7b79a08e,4d2f6f85-278a-47db-a490-1157843b9945,5/14/2024,Refund,Wallet,Pending,In-Store
5b9691c6-0f4e-405e-bb4f-7f4b95cec8c3,1c2dc900-7705-4e8e-aa1f-f18fe3de0a32,6/24/2023,Refund,Wallet,Success,In-Store
bcc37a87-5734-4cc1-8583-3773df21efa7,aaf445a2-95c3-44b1-be45-93d14f4ca991,3/28/2024,Purchase,Debit Card,Success,Online
a287b3d1-5b48-4ce1-b305-3fe2f3ea07f8,e58412ae-0b77-4f14-8cd1-9c2b51d28ea5,3/23/2020,Purchase,Credit Card,Success,Online
42b7c83c-5185-44a7-8b02-0aec1d32c728,f6e97829-da8c-4dbd-92c2-76a7e94cd7ba,6/6/2021,Purchase,Debit Card,Pending,Online
6bc40292-c05b-4994-b57b-3fe033141eb3,56ba7d9a-20b0-4662-93ad-7d791917e3b6,1/12/2023,Purchase,UPI,Success,In-Store
ab6445ef-9398-4917-bd7b-4b9ef032fc15,28cd1214-ae02-4be6-aa0b-2f73eecfcab2,12/2/2020,Purchase,Net Banking,Success,Online
be66f77b-2d96-4073-8d4b-eef13bcae615,a837daeb-dde2-4954-b2f0-71cc75f7a2e3,5/3/2021,Purchase,Debit Card,Pending,Online
c6e89467-9017-4f2e-890a-ee28514892d4,ba76e732-3f46-426e-861a-ed9b5d2f51ea,12/27/2022,Purchase,UPI,Failed,Online
fd8f3c7a-1a5e-451a-b277-0df2690aa276,3b625a6c-b0df-486f-ac4a-13de9e7744ec,5/5/2022,Refund,UPI,Success,In-Store
69db5882-0090-45ad-846b-132cfa9ffdc9,31873602-969b-46cb-b39c-a96bc1b42ad7,10/3/2021,Purchase,Credit Card,Success,Online
b4f553bf-51ee-4974-87c6-32cf8ba3d786,9e0643b7-ad66-4263-ab40-2d730704fb52,12/20/2022,Purchase,Debit Card,Failed,Online
133abb26-d649-4b39-9cec-865ea5863e3a,2e347086-62cc-4910-9c00-2fce4a4a9a3a,3/21/2022,Purchase,Credit Card,Failed,In-Store
05a5e6b3-ef4f-40c7-a54a-9ca9be0a1c19,8aceacde-9268-4eaa-8a36-6171f582e1a7,10/14/2024,Refund,Net Banking,Failed,Online
dba22918-e457-4f12-9a80-a2206d440e80,62722fcd-dad3-4e25-abb0-5ffba9ac1305,9/9/2022,Purchase,UPI,Success,In-Store
9617e624-91af-4945-a0d1-0f5b4f56b48b,d3d67523-1cee-4999-80b9-7de23ade374c,4/11/2022,Purchase,Net Banking,Failed,In-Store
8309eb23-a1f5-423d-8108-0fad13881d5a,253590c8-e040-401e-8a81-53f2c36e9f69,10/9/2020,Purchase,Debit Card,Success,Online
df87aa7b-e7e7-40fd-9056-c60a7b5ac900,b24f3648-6fe3-474a-bb6f-c62837bf6486,2/9/2024,Refund,Debit Card,Pending,Online
18e2b6c5-f55a-4594-a740-4c4f1c06e2f7,b663f235-144c-40ab-ae8e-34256f4a8add,1/26/2025,Refund,Credit Card,Failed,In-Store
e07dca38-2768-4861-8aa3-a2d737722034,b0da4ef3-c6dd-4de4-88b1-40f5799321e9,8/24/2021,Purchase,Debit Card,Pending,In-Store
651faf5b-8430-46f2-a14e-8c6338084756,d681d616-6080-4c63-93d4-fc4f1375fbcf,2/8/2022,Purchase,Debit Card,Success,Online
f8d6b9fb-e353-42be-b663-c0a0fb58c300,b8100206-b28d-47a2-b78b-0e849cd263de,4/25/2022,Refund,Wallet,Pending,Online
a4ba7945-7d15-4cfa-bf35-b3010ac85ffe,ef67e668-15ca-42f7-8e72-755392ad6085,8/22/2023,Purchase,Credit Card,Pending,In-Store
49aadc6c-0650-4fbb-8e10-546e4133d833,b814c5c4-d62e-4d59-ab7e-570b640e017c,3/15/2020,Refund,Net Banking,Failed,Online
54d7990d-ee2f-435f-8f7b-6d5b2b57e537,d653db99-1bcd-4229-a336-c614ba1979ae,9/18/2021,Refund,UPI,Failed,In-Store
ce58fdc3-6328-42bc-9476-ee40b32d4603,ca5c635f-0ede-4cb3-9e77-0382715b30ce,4/29/2022,Purchase,Debit Card,Success,Online
61f8f775-e5c3-426f-af9d-0ffd2100f311,8906959d-4027-43ff-8b1c-22898972ce90,11/12/2020,Purchase,Net Banking,Success,Online
87026993-fa93-4213-9ddc-82c08c64fab8,1c5650ba-4295-4ef4-8375-92a56274def2,4/7/2022,Refund,Credit Card,Success,In-Store
7e9fdf51-8f04-4e4c-be77-21c50bfbfb55,72c963d8-e9ca-4a48-a198-e93596b1b656,1/3/2020,Purchase,Credit Card,Failed,In-Store
64846370-0835-4d82-88b9-c60bb8fc0d90,9b29e5fa-13db-4d1f-ae95-5d8228fea1c6,12/7/2024,Refund,Net Banking,Success,In-Store
f866ee5d-fdb4-4374-8fe2-9df1ed296d54,47ca69c6-889d-44f6-8c0d-2853c088ea0b,4/14/2022,Purchase,Net Banking,Failed,In-Store
fd6d611f-71ab-4427-9b2e-f5de41e3e945,81c5afb9-7232-49e2-8088-10c76bcf067f,10/19/2022,Refund,Debit Card,Pending,In-Store
945f15de-5410-4255-9486-0c2fccc51e38,f32c4974-287b-420a-83c0-42fac7aa5f61,10/5/2021,Purchase,Debit Card,Success,Online
5d09706c-ef73-4e15-8b14-112f75d90d04,775a5ec1-1b94-4289-a770-7b8916343035,12/7/2023,Purchase,Debit Card,Pending,Online
dffa94be-568d-4017-9469-f541c01168a8,e4a7d227-fe69-4a15-95cf-6c501beb2786,5/24/2020,Refund,Net Banking,Success,Online
f508acbc-157c-4da7-810d-eb30654021e6,774d4235-1ead-4741-9f66-5d8dd4662b5f,5/4/2020,Refund,Debit Card,Success,Online
1f7dfcf8-bbd4-4835-bf3d-55a97e4b192f,307b558d-85be-4e0d-8ca2-6471fd1e3d6d,12/1/2020,Refund,Debit Card,Pending,Online
7150322d-b7c8-4746-8a5c-aacd18b8ce53,c9a98647-f4a6-45a1-b8d8-4d3a6b78133e,7/12/2021,Purchase,Debit Card,Failed,Online
94258d68-875b-40f7-a379-b6ca9c0ab578,8b9beabd-4d51-4473-b867-77f3b759a4df,10/18/2024,Purchase,Debit Card,Pending,In-Store
8413d816-d219-48e9-b217-6d4f2cad5066,ee77f7f2-72d5-4d0e-b523-d394ca45100b,8/19/2023,Refund,Credit Card,Pending,In-Store
15dc788c-0b1e-42ee-ab03-11daa2ed5109,0e44d8b3-eb4f-499d-91f4-70b365c35db3,12/3/2023,Refund,Net Banking,Failed,In-Store
c7210a3b-7ebf-4615-ab89-33f146771381,5f2ffe7a-6dc9-4c6e-acad-55e95496ed74,4/19/2022,Purchase,Wallet,Failed,Online
aac42f9a-a4d4-44fb-a9e9-0aef79b3a9f8,f5fe9acc-3d0d-4d67-a781-78cd63038608,7/17/2020,Refund,Wallet,Success,Online
ad230b00-eb49-42fa-9b8d-1dbe2816b968,0f2a0871-78aa-4494-a78b-8608a210faba,11/10/2023,Purchase,UPI,Failed,Online
f4aa1fef-e61d-44bd-9404-6373fe8eeddc,786e7272-0186-44db-a437-bcdeacaff968,6/30/2020,Purchase,UPI,Success,In-Store
0e4944c4-a497-4565-9d33-4fd093a703b7,1099966f-5f83-49c6-9a0b-c9683b04e33e,8/5/2020,Purchase,UPI,Pending,Online
c1664bf2-49eb-4bfa-b9d3-38dca5f71f10,b2d5a4b5-de85-42d2-bab7-038221147df0,11/1/2024,Purchase,Wallet,Failed,In-Store
b7e53b6a-1227-4355-a6c9-6c53ef5031fb,83ac72fd-637d-4ea1-a31f-0c0fb61cdec0,3/11/2024,Purchase,Net Banking,Failed,Online
720209b5-379c-4573-9715-ceb8ec53c3c7,f05bd4cb-0d00-4983-a535-503e30815c4f,1/17/2023,Purchase,Net Banking,Pending,Online
61955661-45c0-4de8-bc8f-07f9c4e8f337,15be2386-4859-4ee1-8caa-7a14185e5b2a,6/11/2024,Purchase,Credit Card,Success,In-Store
d42951a2-af66-4df8-91e0-7448178b9442,a3c54e71-2a30-435e-b29f-471e8a3abffb,6/9/2024,Refund,Wallet,Failed,Online
2d55c685-ce74-4be5-b7ae-35d6370f36cb,e8310afc-1731-4445-999b-8f5b71d8c1f3,12/25/2020,Purchase,Debit Card,Failed,Online
ffa974ca-b74b-4060-b4b9-f766d27fa02f,8abe4fb0-efe9-407f-84be-30eb8368f216,4/24/2024,Purchase,Debit Card,Success,Online
740c4bfc-b85c-46db-b67f-0f5a0f7c0b88,5376d91d-d005-450e-8e7c-460475668cd2,9/7/2021,Purchase,Debit Card,Success,In-Store
eb3c6be0-9618-4410-927a-345af95f51a1,24b55fc7-0b2b-459e-8681-6f84062133dc,3/5/2020,Purchase,Debit Card,Failed,Online
68b1c78d-d477-48ae-953a-ea71b67ef89b,292441d1-3353-4b78-ba0e-36bdc7bd1621,4/21/2023,Purchase,UPI,Success,Online
38779abb-48bd-4852-9215-a3b032a8c770,14c5886f-d927-45b2-8575-526e51649df0,1/3/2021,Refund,Credit Card,Pending,Online
2fa2724a-7d28-4654-be17-c30a6c7cf6db,eef26189-f069-4e8e-8e7f-dc38a9e3fbd4,3/13/2024,Refund,Net Banking,Failed,In-Store
72a19742-e274-4b6f-8429-5548cb115307,257a0641-f8f3-4a90-99c3-cf4b514b1080,3/18/2020,Refund,Credit Card,Success,Online
5e5c0f2a-978d-45c3-b1d2-e4b52a3a6a9c,d2d1dccd-be63-424e-9a2b-957546eef621,7/9/2022,Purchase,Wallet,Success,In-Store
6debfa93-76c1-4da5-96b6-490e5c82fa26,d1c5340e-80c0-429e-98eb-a14397d8b347,10/13/2020,Purchase,Debit Card,Success,In-Store
d49a2713-646d-47a0-a7b2-ea386d05e44e,0aadb885-2577-4441-8f5d-e28572fe5e94,5/26/2021,Purchase,Debit Card,Success,Online
09089643-6ad7-4e83-8a82-93635429ac56,6079dbe9-29ce-432d-8a7d-d50883fad408,5/13/2021,Purchase,UPI,Success,Online
a61599c4-6730-4d00-a16f-3792e9bab743,5925e4b6-ecb6-42ca-bf76-9f6ee0a8dd73,5/3/2023,Refund,UPI,Failed,In-Store
65847b3d-2798-4f63-a955-3d4a8f9e33f9,50283d7e-5289-4f42-95d8-f0dcb1d32699,5/8/2023,Purchase,Wallet,Success,Online
7cf23c79-0f6f-426f-b638-c752ec5dff6e,3c9b4ad9-9d4f-4004-a887-44230e355260,1/26/2021,Purchase,Debit Card,Success,In-Store
b22634f7-fed0-439d-bcd0-1a0cf278d919,b5ad9ecd-aa9d-4c82-97ce-9565f7c7a6b7,10/15/2020,Refund,Credit Card,Failed,In-Store
7a3a11ca-6311-4957-9ace-fc09dd1a9e41,ade71864-af11-4d80-b6c1-26dbfce20ab7,12/15/2020,Refund,Net Banking,Success,Online
d087eb31-e8b4-432f-986c-8ddd30aef6fb,1fd8a485-2312-44e9-af69-827ddf30d003,9/1/2021,Purchase,Debit Card,Pending,In-Store
9c14a877-0221-4edf-9497-d2ce0794280b,8b68b872-6f64-44a5-931e-ae8fd3b1671a,4/16/2022,Purchase,UPI,Pending,In-Store
78661b3c-257c-4360-9b97-7aa3380eb5c2,45f80f57-379a-462c-9d97-cc7a7b293405,11/3/2021,Purchase,UPI,Pending,Online
172f2a9c-52b8-470b-a532-848242d97d16,ffa72743-66f6-4fc7-af08-2a692dd5a9be,7/5/2021,Purchase,Credit Card,Pending,In-Store
525f1b19-4e72-4b02-a9bb-f888511ae66d,70cf29cc-151a-46b7-9bd5-5a449af225ba,6/22/2022,Purchase,Wallet,Pending,Online
45dc9b14-5741-4c92-ba7d-98b1b329747b,c05746db-6b7b-479f-8f52-a4a5b7ef261c,10/19/2024,Refund,Wallet,Failed,In-Store
f82c93b3-1c5e-4754-9b30-68a196e05015,b651e1e2-e98f-4e6f-a75e-ae2108431c17,12/28/2023,Refund,Net Banking,Success,Online
40584481-8d19-44e3-b0d9-fabde685da15,daa33ec7-2a96-493e-9e45-c6c8a8b0fc09,3/3/2022,Purchase,Credit Card,Success,Online
2e0c8f62-b48d-43e7-923b-7c3e9bccfab6,2ec30ed6-4157-46e0-9e11-58d0439fd374,4/17/2022,Purchase,UPI,Success,In-Store
e0b66b2b-69e5-40cf-b8ba-310a55c7e498,7703223e-2003-4850-acc0-881251e66795,12/27/2024,Refund,Debit Card,Failed,In-Store
82fa8492-9259-49b3-b96e-aefdf04f4888,0d4d5dea-52b1-4b81-bdc8-45085e970c09,7/27/2022,Refund,Wallet,Failed,In-Store
ac2cf826-5df4-4df7-8c71-923d7ca1542c,b205a953-ed24-4d9a-b851-c8230964434b,8/19/2023,Refund,Credit Card,Success,In-Store
3ee19871-8369-4380-9998-9fd410407cd2,05f4fec9-6841-4038-964a-adbf4002e015,10/8/2024,Refund,UPI,Pending,In-Store
edf0ecd7-5ca8-40f1-b14d-bef0c46f5ddd,23afc42a-8170-4e17-a9df-25b37bbc7eae,8/14/2023,Purchase,Net Banking,Pending,Online
73f87c02-79fd-4fb6-98b6-b3fdea0f5e84,6368c77b-779f-49a5-83f3-3c405b49eee7,2/11/2022,Purchase,Net Banking,Pending,Online
b919aaad-f599-4087-8724-621b1ac953db,61a0769a-6cf5-4712-b88f-715c4051180e,12/22/2022,Purchase,UPI,Pending,Online
6e694cfa-8733-4bdd-9dfb-6ad7f8ae7611,86034c8d-a34f-4e21-9486-bc4891d39dc1,9/16/2020,Refund,Net Banking,Success,In-Store
a7efdc10-e8cd-4116-8f6e-208418b2e7e7,7432f29e-6487-4275-8d3b-272ea62aa11a,5/29/2020,Purchase,Credit Card,Success,In-Store
3f196c26-458a-4186-b64d-18ada9e4f4ed,af44421f-4a13-43db-a8bb-0e2ce26c6103,7/13/2020,Refund,Wallet,Pending,Online
9f1bbc3f-5dac-4303-9b78-4a2430ddb1e5,1af4c648-c666-41f3-a459-8eca5b4515da,12/21/2023,Refund,Wallet,Failed,In-Store
10c09dc4-69f7-477e-80a1-85a9a3fe748f,41fec746-51c2-494e-8bb6-24260496513f,12/13/2023,Purchase,Credit Card,Success,Online
dd426b0d-d98c-4686-abce-a7e01ded05b2,202b2588-5808-43e8-81e2-7209f260130e,6/27/2020,Purchase,Debit Card,Success,Online
b880f559-2da8-402c-ab8c-bd81ccc39dbb,adfc4765-cfdf-4aab-b1e6-f1d8a78a1ceb,9/18/2024,Purchase,UPI,Failed,In-Store
270d0113-407f-40c2-b53a-975810416496,b4f77ea8-ac16-4402-bebe-d8753adff3a6,9/26/2024,Purchase,Net Banking,Success,Online
ed393b3e-e864-489f-92af-a1b92d19c0c9,534cc898-1d9a-4f2c-b14c-28338c0e0847,5/15/2023,Purchase,Credit Card,Pending,Online
822c0454-e6f5-40d0-baeb-3706c839139e,b2e9438b-5ccb-4b37-b1af-576d6d68d556,12/28/2020,Purchase,Wallet,Pending,In-Store
a3fca62a-7417-470e-b661-2f7708d464f7,e0ce3b75-5733-4d2a-bed9-c14670b6e2e8,3/24/2023,Refund,Credit Card,Pending,Online
b8650685-9256-4efd-acb6-20936b26355b,6b06cab7-0c8c-4788-a513-9790fd2010b2,8/17/2023,Refund,Net Banking,Failed,Online
658b273f-0506-4d1e-8aa4-c8784ec3fc6a,72ddd22b-8a53-4263-8591-0933bf295759,11/26/2020,Refund,Credit Card,Success,In-Store
9f507531-9138-48f4-88e0-f309850f2259,6cc88fc9-1682-4a7f-8a6c-d08289341155,7/17/2023,Purchase,UPI,Pending,In-Store
8459dfc8-22f9-4449-b7b5-3cd8e5f6d816,a591fe44-1880-4629-916e-8756048fec2c,10/15/2020,Purchase,Net Banking,Success,Online
2856eb78-8cc9-4c7c-bb8f-600df5a3b1cb,9f2df3c0-590c-49e6-9923-774718048057,8/24/2020,Refund,Debit Card,Pending,Online
b5c02ec4-fdd2-4a21-9517-f036545df409,c75aa80e-1b49-4a03-852e-2d0e589a3494,4/20/2024,Refund,Credit Card,Success,In-Store
35a4b24b-ff00-4928-801c-93ce31363a79,7a193819-f4f6-458e-9160-51076017df6a,8/24/2022,Purchase,Wallet,Pending,Online
6c661564-1fdc-4dda-89e9-8a922672a68a,1ccdbe71-0ccb-4b55-940b-77dd09f2e78e,12/31/2020,Refund,Net Banking,Failed,In-Store
a50c0b2a-ba55-42bb-a26a-38c9c7c2de0a,ac41bf71-a6ba-4712-a4d4-dd47c508e6e5,9/17/2023,Refund,Credit Card,Pending,Online
71611d19-f633-44d9-9688-62bc0e132ecd,0fd705da-5d0d-4ae5-84f1-a3287a855ca5,7/2/2021,Purchase,Debit Card,Success,In-Store
8c2d9585-4573-4b5d-bd2f-e8e34c2cf64d,530b7428-1be8-4f16-959b-086d557b1391,11/3/2020,Purchase,Net Banking,Pending,Online
11587c8b-c013-441b-9e50-c720f9cf61e2,1e678cfd-7ffb-4b53-ae50-569f5b94e619,8/31/2023,Purchase,Debit Card,Success,Online
5a111dbd-4d00-4507-bf4b-015aa847b749,ab9e66e3-1e41-4337-999a-bfede44f3615,8/16/2021,Purchase,Wallet,Pending,Online
ee644484-6562-4c31-8765-f638221b6f6c,ced1d2a5-eb4d-4b8a-9a6c-7f26bf54083f,4/22/2022,Purchase,Credit Card,Pending,In-Store
7bddf27b-a6af-4385-aa2c-0726d830cfc3,5f5ef2f0-3a2e-43c9-b5db-0d7d378182a8,12/26/2020,Refund,Net Banking,Failed,Online
aa85b5af-eb30-40b6-83b6-d4b63c753424,2d3c3f59-58ac-4f31-8ba3-067e1f8ee9b2,8/30/2020,Refund,Net Banking,Failed,Online
357ebd72-6c43-4aec-a503-79caad764042,2f47a786-ce8d-4eaa-aee8-bbdd29142031,2/26/2022,Refund,Debit Card,Failed,Online
8a88179d-9b80-425b-97f9-3c07168e82d5,531d9e1a-6a50-40a2-9a56-f83e0e39a964,4/7/2021,Purchase,Credit Card,Success,In-Store
b5204a02-f000-41d0-b88e-4057b5745f24,8ec1b5c7-ecd0-477b-b116-67fbeb9829d7,8/27/2023,Refund,UPI,Failed,Online
6820ddcb-cd60-4dd8-a718-678e22a6a9af,5e8cf9e9-ebe4-4dab-b444-643cda6d3cc8,5/24/2022,Refund,Debit Card,Failed,In-Store
2695ac4a-43cf-4f5d-8122-1e2dc3060efc,70e3ac46-5169-420b-a3ed-e69fa01f95ef,6/6/2023,Refund,Credit Card,Failed,In-Store
b664bd42-348f-4e4d-b548-fd90f4aa7e7e,a2e8187c-8492-4ec7-ac74-eae58a58c7c2,6/29/2020,Purchase,UPI,Pending,In-Store
47fda1f3-0d16-43c2-81f1-87886ff47dbd,ebcbab8a-caff-4bfe-82f1-d7e9507d63b8,10/21/2020,Purchase,Wallet,Pending,In-Store
935f7477-ad2e-41d5-9772-cd6d20dbb3d0,b08777d7-c3da-4805-b9da-e86da216d764,10/28/2023,Refund,Debit Card,Success,Online
b9c08b08-2050-48fe-b504-945455afa7a4,18f38731-b853-4f74-89ad-c06ea9bba837,1/24/2021,Refund,Debit Card,Failed,Online
79613283-e86c-47de-ac43-b0984ada38db,63ef230c-00d5-4162-940b-39c88d72f3dc,10/1/2020,Refund,Debit Card,Pending,Online
dc76ec5c-74e1-467a-982e-b330fdcc2322,ff4c6e14-7c61-4b21-95f5-2010cb3defc5,1/26/2023,Purchase,Wallet,Failed,Online
69e21b77-fabe-40c9-9c92-9b42908ac594,db140f6f-0bfd-4b08-b52d-c65933f3f107,11/21/2024,Purchase,Wallet,Pending,In-Store
575ba150-1ac4-4072-9411-241d07bbfa07,5f839bdf-3e40-4eea-a7df-3963a4e75155,8/11/2022,Purchase,Credit Card,Pending,Online
6b3b5270-97f9-4f90-b37a-839b5fb4c517,1f37f6f4-d465-4ac9-bcd6-0d4fa254cb1e,6/3/2022,Purchase,Credit Card,Pending,In-Store
940c93d1-37b8-40aa-95c7-6a4ebef2c64a,a9255f96-cb81-42c9-8692-1e1db7655f5b,2/24/2022,Refund,UPI,Success,In-Store
7bfbe2ff-41cf-4bde-9399-46fda568f1a5,3cc1c286-98e2-416b-81d1-1f5be1625a14,4/2/2023,Refund,Wallet,Success,In-Store
73152595-6e08-4ec0-90f0-c7647d1c141a,3d6c973d-cbf6-4204-8c01-3a7488ded721,5/16/2020,Refund,UPI,Failed,Online
d6476649-b0bf-4291-953d-f25e49c14253,3141faba-a1f0-4602-9f8e-415f77ab54b9,3/21/2024,Refund,UPI,Success,In-Store
a93dacb5-87ab-4513-ab34-30e49945410b,c90835a8-1497-49dd-9c66-14d3d392ab76,7/26/2021,Purchase,Debit Card,Pending,In-Store
6ec5cf0c-ad82-4ca7-9c7c-21c32766dcf2,3c6e7c6a-3009-49a0-a21b-454ba2f8f1e0,2/25/2022,Purchase,Debit Card,Failed,In-Store
8dd3c30a-ca93-4286-9c36-5ad130794b17,269a6629-9853-4d2c-889b-52524c6308ed,4/24/2020,Purchase,Wallet,Pending,Online
2b3c9b19-c650-4627-a3fd-0e383353c8e8,9c7e1482-ae9d-443e-b523-cabaa1c128d0,12/22/2022,Refund,Credit Card,Success,In-Store
1a1c3348-edcb-4fe5-9907-610b77e70af6,58702399-7fc3-40ef-8695-156f2f3e9fe3,9/23/2023,Refund,Wallet,Failed,Online
a0f610bf-dd74-4702-ae96-20a795e0e51a,ee2b5905-d7b8-4156-b456-89aeaf428419,4/24/2021,Purchase,Wallet,Pending,In-Store
722ed05a-88b1-4f31-a6ac-5a87d6b8abf0,272de9d7-5168-4ba5-b6ef-530a4afacb8e,5/26/2023,Purchase,Credit Card,Failed,Online
df925865-4728-4968-93e5-dd2a38f24a43,9f59211c-535b-429c-abd0-70484cf49d72,2/6/2020,Purchase,Net Banking,Pending,In-Store
b8e482a7-39da-4a0c-b023-8110fe6db7ce,01e2f215-8be2-4564-b583-a04ed1583a60,1/7/2025,Purchase,Debit Card,Success,In-Store
df49d061-d52c-48be-a96a-bcd8f44ca0de,13bd090e-a864-42ff-b7ce-2dc6d20d21e9,9/21/2021,Purchase,Debit Card,Failed,Online
a81b6a56-59ca-4cbe-a020-9db3193bbf9c,4efafdf1-a105-41b2-8d86-1b33f9f2403a,12/11/2023,Refund,Debit Card,Failed,Online
bf0d74a2-e033-4451-a673-c4b1cd1de2b3,b680657e-30c8-458e-9fb2-190326e89453,4/1/2020,Refund,Wallet,Pending,In-Store
e731d22b-afbc-48da-9851-daa9d781fee9,b42ac722-04ea-4478-8fc0-7c97d25e67bb,4/21/2020,Purchase,Debit Card,Pending,In-Store
503c6583-0396-41ad-9b49-8d0b8bfd8585,a9bc2ed5-9e8c-4fb3-8955-9eadeafd2e37,3/21/2022,Purchase,Wallet,Failed,Online
b8263ad1-b11e-4161-8424-1d190939e1cb,889e243e-594a-408d-bf95-70ea73cc04fb,5/17/2020,Refund,Net Banking,Success,In-Store
681d49ef-237d-4aa7-8379-d2ff8e1ecb4e,ecba4f25-277d-4cd2-bb85-304c29ac6a97,10/7/2021,Purchase,Debit Card,Success,Online
53b5dbd2-afe9-47c0-8b4c-3863ba8a9e4b,304db0d2-9abf-4be0-a06a-f08ed50664eb,1/4/2024,Refund,Wallet,Failed,In-Store
d4594fc7-ddad-4ee3-ab9f-98266dc51b2c,dcb85522-d1e9-4884-878f-db95247cbec0,5/15/2023,Refund,Debit Card,Success,In-Store
43b0983f-5475-4d8d-ba9a-bedf22703345,8f170baa-b57b-449d-910f-f927b5be2999,2/13/2020,Refund,Credit Card,Pending,In-Store
5012941b-9b5a-4f8d-bf4c-b508a3f610e8,511c7355-2f70-4335-92c9-5ef83c78b7f4,12/5/2022,Refund,Net Banking,Success,In-Store
7a7bc0a1-9ee5-43ed-acaf-f889a81b2386,18b06f11-06a6-4dda-a875-97c0b65ae604,3/14/2025,Refund,Credit Card,Failed,In-Store
9f87e909-c10d-4ba5-b9c2-e81dc23839ae,dceb8d53-8a8c-4b9a-aea0-834f5ff00c60,11/2/2023,Refund,UPI,Success,Online
ae11aadc-908c-42ad-8e03-fe8f8f2a1140,b43f23e4-723b-49b9-b7cf-1f743a9cceac,7/11/2021,Purchase,Net Banking,Failed,Online
b9b3c726-f04c-4f64-a3ae-c74891eacf59,8ab6e109-433f-41fd-adb3-487302010c95,8/16/2023,Refund,UPI,Failed,In-Store
3b779482-92fc-4a6f-8747-e3e6a543470e,12710c8a-73a8-4f70-b5c7-bdd29b707a2e,5/29/2020,Purchase,Debit Card,Pending,Online
01ba9741-b069-4dd2-bb7a-176d77775442,72a98683-d192-4dfb-a0b8-4ee4f2ed5fe3,10/11/2022,Purchase,Debit Card,Failed,Online
a7f5bc7e-7bc4-46a3-8a17-c7df367a351e,b9b692ca-c850-4d64-8820-2ce5722aca38,3/19/2021,Refund,UPI,Failed,Online
fbc66fb4-8504-43b1-bc45-a688cd0ba8f8,b4197b4a-cdb6-48a0-87d6-f1f88034f46d,5/14/2022,Refund,Credit Card,Failed,In-Store
fbed8eba-4e3e-486d-af65-cc732f00bee5,d5a8270e-865e-4cd7-a89c-988e80f5b6af,9/2/2023,Purchase,Net Banking,Pending,In-Store
11fcee17-22d4-4175-9727-2599d17b7eb4,6e3e4c07-f1c9-4150-9515-fc628d2280ea,9/15/2020,Refund,Net Banking,Pending,In-Store
07549b9f-858c-43e0-8ea8-649fb7618de0,3d76b2f8-4321-4615-8143-7dc89628abdd,7/7/2024,Purchase,UPI,Pending,Online
bbbc4f0e-33ed-473f-895c-738bfa59366a,6d2dc28d-c87e-4d1d-8781-a7a313535772,8/10/2024,Purchase,Net Banking,Pending,Online
68f7ed5f-c9ed-420a-bf95-5ce090339175,972c754b-8f3f-4294-98c3-a077b0b0a8f9,2/12/2020,Purchase,UPI,Pending,In-Store
d9572da5-1bc2-48d0-8e34-6d072bd54d4f,213e4154-9fa2-4b16-825f-1172f341dee0,11/3/2023,Refund,UPI,Success,Online
74a3be17-c867-47ef-aeb8-b20c1694aa83,76fa1ce2-f992-4962-b8ee-48dda63aabb7,4/8/2025,Purchase,Debit Card,Failed,In-Store
69c790f2-dfe3-42a9-a783-6a6748cebfb0,ba71d48d-4415-441b-add9-cac99ab5868d,5/15/2020,Purchase,Debit Card,Pending,In-Store
cab78a49-094a-4509-b370-0f4cae791f6f,1424e421-b69b-4717-9007-b2e39783cdd6,8/9/2021,Purchase,Net Banking,Pending,Online
31914820-d202-4374-abd4-92a729a4b2c0,7e08cdc3-12b4-4b65-898e-9753cf396488,11/22/2024,Refund,Credit Card,Failed,In-Store
336a49cc-2ddf-4c8c-824f-2ff7a968cfd9,cc796326-b87d-4d14-bb3c-d78903d93a08,11/14/2021,Purchase,UPI,Failed,Online
9708d0f9-0aee-435a-81a7-d6f81d73e6c5,0e56556a-38e7-4277-ba61-c85711488abd,9/21/2024,Refund,Debit Card,Failed,Online
9f188632-4075-424a-bc1a-a63e426c167d,3e5e8797-6f58-4dcf-b59d-f83340a41097,11/3/2023,Refund,Credit Card,Success,In-Store
df0ba5a2-10ff-4e49-9102-958faada93a0,8c3d7361-c8ab-463e-afcb-56b17d2e1c00,2/4/2022,Refund,Wallet,Success,Online
28e9a161-cc9e-4a3a-9c19-102c97fc81af,a709fe7c-415a-4056-a98d-cee39ab1834d,8/25/2022,Purchase,Credit Card,Failed,In-Store
6e1e3dd5-97bd-4f4e-9873-f65e37bf38a3,e7d3bb99-68fd-4e0f-afe1-bc957532ca52,1/12/2021,Refund,UPI,Success,Online
58826924-285f-4eef-a8aa-64c880c4fa13,56742c41-213f-418d-9a57-8796cc1e6a7a,6/22/2021,Refund,Debit Card,Success,In-Store
d84eead6-e22a-4f34-bcee-4f49641fbc3a,451467d3-aeff-423a-a04b-d5c4d1200687,4/30/2021,Refund,Debit Card,Success,Online
d9cc389a-b5a8-4b3a-955c-a6cfec00edd9,efb6a86d-6bd2-427b-9d39-4beadf632ece,11/26/2024,Refund,Net Banking,Success,Online
894bfe5c-0dbb-405f-aecd-882078a8ecc1,2a531e42-9ec6-4e16-b4ad-f606c950fd5f,2/27/2025,Refund,Wallet,Pending,In-Store
46a42fca-0073-4b12-bfa9-eead2b635010,b358b204-f291-41b6-94b5-0bdc601de6ba,2/16/2021,Refund,Credit Card,Failed,In-Store
854cba4d-b1ff-4188-acd4-f7cff06c8b59,b8404d25-177e-4d8c-aac3-692efcd97516,1/3/2021,Purchase,UPI,Pending,In-Store
28bce5ab-89a6-4024-a933-f1ee6ef8dc1a,9bc3160d-4b14-472a-a47d-ff60955e879c,10/26/2021,Refund,UPI,Success,In-Store
d14650ba-bc50-46b1-aaad-4edc7c165c9e,fc9249e4-1ad5-4c3d-8cca-733b65ca2d84,8/17/2024,Refund,Credit Card,Failed,In-Store
44e73c3c-d2e1-472c-9816-36b6b8b9f02a,19f984ae-54ff-4158-92bb-fd63b09d6a83,3/8/2021,Refund,Wallet,Failed,Online
63ab3f68-9357-4563-848c-b21d35550af2,cd809c1e-fda1-47cc-9411-7b7029bc116c,11/4/2020,Purchase,Net Banking,Failed,In-Store
58c7cd38-0f87-4fa0-8c7f-1c3fbfdedbb7,31c65373-91b1-40f5-b474-3472c3e82260,1/21/2025,Purchase,Debit Card,Pending,In-Store
610843b0-e856-437e-9dc9-349d26beedc7,d9bb5398-118c-4ca1-8b75-8ad38cad7c25,6/20/2020,Purchase,Credit Card,Failed,In-Store
2323ea75-a9d2-414d-8c41-1321ba1aa669,86640f45-c313-43a9-b649-3e54f61c12ff,10/9/2023,Refund,Credit Card,Failed,In-Store
73d24815-a173-4b26-b90e-b9ae0dd5695f,0bfd95a6-390e-417f-b6aa-967558e0d989,1/14/2025,Refund,Wallet,Success,In-Store
27f2755d-7cb4-4585-9b35-128e141fa6c7,e85640ee-6256-422d-aa80-3c8dc69b2122,1/31/2024,Purchase,Net Banking,Failed,Online
82e899cf-d9cd-4230-8174-87eb63e2a7c8,a8a30f41-8934-4521-aa36-f2696de4609b,12/9/2022,Purchase,Debit Card,Failed,In-Store
aa8d5510-1f26-483b-aa4c-95efb442f918,c258ae5a-e2d5-4826-9412-591b73da3645,10/16/2024,Refund,Net Banking,Success,Online
d0576ead-48a5-4081-8088-eae2573fe895,3cbec554-e82d-4b0c-81e6-84ceb83dd4b6,2/5/2020,Purchase,Credit Card,Pending,In-Store
5e9fef3a-3628-4e3d-b344-f0a0cbe79dbe,4a00bdf1-0b00-45ae-a80a-4f0b5e9c5b20,1/21/2024,Purchase,Wallet,Success,Online
3119cf44-9203-4c46-b2b0-3db6151c391a,c0d4ca6d-381c-453b-ac90-d57fa54bdb2f,9/5/2021,Purchase,Net Banking,Success,Online
1215ed62-5830-4470-b29e-40b249e2f2b0,b61af4cc-c993-4574-96d2-443ed3b1ffcd,9/6/2024,Refund,Credit Card,Pending,Online
49d8d9a6-5448-46f8-87ac-5f4c4f69fa05,43b73c27-38cd-4163-8959-c432f999e15c,4/1/2020,Purchase,Credit Card,Pending,Online
817a5abe-ded3-4417-b907-6dbbe169f11d,7eeea058-1868-4b2f-9a1d-ddeab55d40cc,7/17/2023,Refund,Wallet,Failed,Online
2930d08a-45fa-45c2-932e-951720530284,4b815998-2057-412d-9906-c91a2c821e02,4/8/2023,Purchase,Debit Card,Pending,Online
97c37308-fdfc-4e58-a248-a3ee214b355f,6131519b-9b40-4b33-b226-c2d78912eb20,7/31/2023,Refund,UPI,Pending,In-Store
0b73f6c6-e950-4c00-9c59-4c88a3b17b9f,881688f4-7438-4d76-8778-32bd2a221960,3/12/2024,Refund,Wallet,Pending,In-Store
2f1be071-ac69-49dc-a5be-dec69fd68a8b,be87f405-5016-487a-99d3-f7fbf783c3a3,4/1/2020,Purchase,Debit Card,Pending,In-Store
70a420d4-8fe7-4a82-9e79-87200cb8a0cf,23c0bb03-13d7-4a5d-b813-30a113773e61,7/29/2023,Purchase,Net Banking,Failed,In-Store
d2e54643-4497-4d9d-a92d-73af2f731a1d,531423d5-3d37-4f5e-baa9-7c3e6fe5c4f4,9/27/2020,Refund,Net Banking,Pending,Online
062a1564-763b-4e04-a5b8-df660aa23e31,54960d8c-ba26-432b-9042-98549564e7b6,1/21/2023,Refund,Net Banking,Pending,In-Store
acaa98eb-dfd5-49a3-be72-2abd8d4d9310,e1aed2ef-edcd-45ef-8cce-f31ed5b6c2fd,7/27/2021,Refund,Wallet,Success,In-Store
45dbb84f-8462-4ba4-b25b-f5227c80ba47,ceefbbf7-ec64-40e6-b778-d66cbf7e9f4a,12/28/2022,Refund,Wallet,Success,In-Store
5f69fa14-8f31-4ad7-8122-91eb33579b86,9060bf1f-fcb0-4d3b-8a1b-f0dacc3e9d7d,2/11/2021,Refund,Net Banking,Failed,Online
0765604b-da82-4bb5-be65-5976d39ea6a1,738aaf5d-c618-47cd-adaf-26b40bd3bdf5,3/28/2020,Purchase,Credit Card,Pending,In-Store
e7e52333-c9b4-4fcd-b6b4-fd4f816dde16,5c27b826-353c-474d-8b27-0e0d6f18cf88,12/18/2021,Purchase,UPI,Pending,Online
a78bf101-a09c-4f07-aeae-5235b06ee00a,c5dfffd7-a28b-4ec4-b576-bcef4616ce84,9/26/2021,Refund,UPI,Pending,In-Store
dadbcc50-5e58-4b45-82a5-200712a757f7,1466aca2-eccf-4a7c-bc54-9f4996c2d3c5,2/26/2020,Purchase,Wallet,Failed,In-Store
e7dd976a-7b00-41ec-b5a1-117003297894,aea45a60-c3c6-4923-b48d-9939b17b2959,3/27/2024,Refund,Credit Card,Success,In-Store
e8f31ca6-8b80-47de-ade9-5fef6325265e,1c66ff18-5cc4-412d-9aaf-5dd78c011196,11/27/2020,Purchase,Wallet,Failed,In-Store
1301ec4b-0a67-4f4f-82c8-5fe2d6ce16b2,8cd948c2-4d06-4be7-a400-1c81c6febcf1,6/14/2020,Refund,UPI,Failed,In-Store
c360f18b-dd57-4535-9844-35804da8322a,1661e9e4-7fdb-4db4-b0e9-30e5dc43bfe8,8/6/2022,Purchase,Net Banking,Failed,In-Store
0337a591-5edf-455e-818c-571d94263a93,af15804d-1b7e-44d9-a00d-aa8bcefa9f12,5/11/2021,Refund,Net Banking,Success,In-Store
5d913f94-557a-4e13-9925-e525543967c2,567d9325-9662-40f8-b1d9-519852413ff7,2/3/2022,Refund,UPI,Success,Online
626fe79e-abc9-468f-a743-daafe447cabb,08c59f22-9a41-4548-91f4-640ead8ed6bc,3/3/2021,Purchase,Wallet,Pending,Online
3e1940cd-cfb9-4405-a83f-f9e394ee838c,afe5d7d9-a031-411b-9757-f62f870d0a66,11/9/2024,Refund,Net Banking,Success,In-Store
ad2dc535-73f2-49ea-941a-72d330251c3d,40ff0185-9cde-4581-abc6-a3731e767d80,1/11/2024,Purchase,Credit Card,Failed,In-Store
dad0e9a3-590e-4d2c-9635-eff17af7aa69,0a44df40-ec04-49fd-95c0-425de87b9b53,10/20/2024,Refund,Wallet,Failed,In-Store
b08b5183-7ebb-45f9-9d70-0d6d3f5bc52c,039e4497-7db0-4484-a56b-2f71fa9082c5,10/14/2020,Refund,Credit Card,Success,Online
a2e83496-0cdb-4988-9d95-7cba1ed81c2c,b2d91a33-3200-4d81-9e5e-37338f4c56a4,11/10/2021,Refund,Credit Card,Failed,In-Store
a93a5c78-4644-4bbe-ac08-ab0d2d45ed83,251b0c77-2ece-468c-87bc-77f2431bd896,6/28/2021,Purchase,Net Banking,Success,In-Store
eebbed15-2109-419c-8bd4-872aac02fdcb,d70f4e6b-9dd7-49f4-8530-064fb76f6f4b,1/13/2024,Purchase,Debit Card,Success,In-Store
6c2d3eee-0c99-4fac-9b72-71b15849cbd3,4f031838-5704-4363-b4fd-c4302e38e587,8/7/2020,Refund,UPI,Pending,In-Store
a08cce01-a08c-4bac-ac82-23e42a885600,3c487356-9ea2-4177-a6f1-d2fececfac19,6/13/2023,Refund,UPI,Success,Online
c6e5e5aa-84c5-4e59-9500-766728bc635b,53a16276-f950-472c-ad6b-2b44b05acfc8,9/11/2024,Purchase,UPI,Pending,In-Store
1d3fc59b-35b6-4a5b-9302-123a7148e9ba,c660938a-cdcd-46b3-bb9e-1a8a67289c5c,1/6/2021,Purchase,Net Banking,Success,Online
7a54e426-0a56-492e-ae59-476f716ebce6,1867900f-d7e0-4e31-aad3-7fdcb25bf4a9,10/5/2021,Refund,UPI,Success,Online
b32a13a7-ab92-43a9-972d-fb57b44a4278,806e3be8-afae-4aad-8e34-0b07aad506ed,3/19/2024,Refund,Debit Card,Failed,Online
79db5c27-017d-4f6a-b219-2d07caf5858e,dabb0985-6d48-459f-9eb9-23f21100ea2e,4/29/2023,Refund,Wallet,Failed,In-Store
9eda1d4f-678a-41a4-971b-3da1b2df086b,e6652eb4-cf8f-493b-8601-b6fb7ab78aa7,8/26/2020,Purchase,Credit Card,Pending,In-Store
319801a4-5001-4d39-8547-f6a69088ce7f,2f17acff-e15e-4cef-9141-39b6ad772649,12/20/2023,Refund,Net Banking,Success,Online
157d87ca-3a02-46cc-83d7-737e983bb5cd,b4bcd99a-560e-42ab-bcd4-5f7f6f3584fc,5/27/2020,Purchase,UPI,Success,Online
55c881f0-a573-4b83-8e72-61c14d0c46b8,b8a65f97-b9b8-4663-a538-5fbb9e73328e,1/22/2020,Purchase,UPI,Failed,In-Store
4e936051-b7a1-4ac8-a220-e9589ce31487,bb2a106b-f3af-4ee0-906a-0c8b3f84ffa7,3/24/2025,Purchase,UPI,Failed,Online
1b720114-1c84-4839-ab39-2a155ea2742d,635f6152-b03e-449b-9a49-0a39342730ab,5/22/2023,Purchase,UPI,Pending,Online
a6d47970-0c79-4e5c-a51a-6ff3ba0e47e3,57d024cd-825e-4a6e-a252-ebab5cfc7d0d,2/4/2025,Purchase,Net Banking,Pending,In-Store
461ef533-5205-4167-b7b5-543b64f35742,e8d6658e-d967-44de-b199-e3c0ce2196ac,6/7/2023,Refund,Net Banking,Pending,In-Store
b84ec55c-8754-4464-9c97-99107b36f6b0,25107002-929a-469e-8eb6-b94456e70728,11/4/2020,Refund,Credit Card,Failed,In-Store
598da09b-5b57-460f-91f1-fe2c1d3b2cff,23c402d4-3af7-44dd-b91c-8b18884aa09c,5/10/2020,Refund,Debit Card,Failed,In-Store
40f0bf56-941c-47df-a397-3ba71b6c9d97,1e2677cc-6b31-42cd-afab-f269a6a36370,12/13/2022,Refund,Wallet,Success,Online
e1818d42-727b-4498-8e78-ac38c4892188,d4d5bfe5-424f-4824-a281-39a7bc214740,10/15/2020,Refund,Wallet,Pending,In-Store
625508bc-7536-4ecc-ad2e-1881af338b60,ddd90af4-adb9-4cb9-a31f-3a4ed27d58f6,12/6/2021,Purchase,Net Banking,Success,Online
168a414f-cc3f-45d2-999c-002793b7712d,b1f9f283-5b39-4a24-9be7-90eebfc6baf0,1/21/2022,Purchase,UPI,Success,Online
5cbbe9aa-a782-4f1f-90c7-538bb5840872,d4040076-1dd2-4550-a0a0-07ee690cba5d,2/18/2025,Purchase,UPI,Failed,In-Store
a13cfed2-0681-40a7-b675-0fdd9b8380f6,8833b213-4292-43f1-9472-014b800a59ba,6/25/2020,Purchase,UPI,Pending,In-Store
b0918765-b8c1-4cd2-b91c-292504eef86a,23b51b6d-957b-46af-8aae-6c35a750cbd3,9/22/2023,Refund,Wallet,Success,Online
f4ef8607-ecce-4f4a-9bf9-e5a1595fecec,fa0f1cb1-6bdd-407f-97bd-7059758b00d6,10/13/2020,Refund,Credit Card,Pending,Online
4219f0ba-e3d5-48a1-b0eb-f7a8e62e03ff,ffe7a46d-a074-44ba-ac0c-66b7d2765bd9,6/12/2022,Refund,UPI,Failed,Online
6a9442ef-2189-4b81-9750-ef0f1888f9b4,b56afdad-d53e-40ef-964f-84f46ae96729,9/10/2023,Purchase,Credit Card,Pending,In-Store
726df120-5951-4148-9654-e67f8b90f9dd,580fb6e1-4489-41a5-96d8-3f0cec8edf01,5/14/2022,Purchase,Credit Card,Pending,In-Store
36ec23f2-3dae-4e52-9575-4432b701c2b5,4d5d1642-509b-48f9-85e0-6e267fb6e5a6,2/7/2022,Purchase,Wallet,Pending,In-Store
89f053b2-2a82-4589-9bfb-4ec8f0cc65b6,dc124921-cf69-47f1-be41-ff025a0cd5ac,1/9/2024,Refund,UPI,Failed,Online
5509b2d1-15de-406d-9793-2146d92d8c36,b388528c-ab63-4266-9ae9-3661f1162dd4,10/30/2021,Purchase,Net Banking,Failed,In-Store
bf318e54-2e2b-4607-88a3-c96bc4878895,50d81fb9-9335-465f-bb2d-a1ca9e8b64e2,7/21/2022,Purchase,Credit Card,Pending,In-Store
2ff94da2-5712-4481-bafb-c18ddbbf48a9,0e28bebd-2a5a-4298-82d8-255ba365fe6c,11/7/2023,Purchase,Credit Card,Failed,In-Store
a2742c5d-2e9e-45c1-bec8-d1cf0af9abd1,c87926bb-dd11-4d26-bdcd-176808cc2e6c,11/16/2021,Refund,Credit Card,Failed,In-Store
850f630f-6672-48be-a0be-390ce0e5f09f,a590625b-9e87-474d-a2ba-21dda51b4392,2/15/2021,Purchase,Debit Card,Pending,In-Store
a42058da-5029-4604-803f-ac088a3215be,7a81c61f-65f9-467c-b33e-ab8dde4a8596,8/30/2023,Refund,Wallet,Pending,In-Store
e860d604-10a2-41e5-8631-c6520ec3da73,b813378d-4eae-46dc-8b83-f85066f7d26c,10/9/2023,Refund,Debit Card,Failed,In-Store
38cb1ded-fc6f-4550-a1a8-ba8c96db298b,b7660143-eacd-4ebd-9313-fb68c6b4225d,5/25/2021,Purchase,Net Banking,Failed,Online
227eb95e-4979-4f64-96ba-0268bdcfeb58,ef01e244-39dc-4b5d-9bdd-282b9041fcd5,4/24/2024,Refund,Net Banking,Failed,In-Store
a57ad6a0-ce5a-49e4-8c52-260f013b6307,5acf3aa0-bb54-4ba0-9ccf-a06f4d458539,2/5/2025,Purchase,Credit Card,Pending,In-Store
c12c98e7-d565-4f35-8acb-d88ae05c30a6,c29985ac-a394-48f8-b55c-7c7aecd52680,8/6/2023,Refund,Debit Card,Pending,In-Store
0f2715b9-92e8-499a-9094-11f7a212f859,3836647b-aeeb-4080-b039-925b230d958f,4/25/2024,Refund,Credit Card,Pending,Online
2d292baa-2dc2-4285-b760-f9306d29ab2a,159775ef-1100-4074-9ee9-259395c65504,12/16/2022,Refund,UPI,Failed,In-Store
efacf9a9-c3a1-4d90-8732-aea76163e449,b05be630-2ec4-4864-b6ce-a48f50157e5c,10/6/2024,Refund,Credit Card,Failed,In-Store
a467f96b-71e3-4185-af90-e45abc41dfd6,7c46dec2-c239-4a12-8a51-2de69d667f17,6/7/2022,Refund,UPI,Failed,Online
c34c9873-9755-4cbc-a0f6-c7ffd2a64d93,bf64aa85-a25b-4a3f-9398-bb64372e2e1a,5/17/2021,Refund,UPI,Pending,Online
aea38571-b0e2-49e9-ab31-4bbe7ff80be5,949e2545-6bd1-4f59-9339-90c60863ac86,5/23/2023,Refund,UPI,Failed,In-Store
7dc6fc08-1dd7-424f-a336-b2405d6b6e23,12b897a1-6959-4120-8118-c183adb0c8c3,6/24/2023,Refund,Wallet,Failed,In-Store
f57cef01-6b00-4b0a-a369-3657193fd9b7,ab8ec5ff-7f87-4683-8295-85d00f36c312,5/26/2024,Refund,Debit Card,Failed,Online
166b6c22-73eb-491b-af75-fd27c6d05a3c,58bb84f7-368a-470e-8175-1167452769f9,11/28/2020,Refund,Net Banking,Pending,In-Store
9879763c-81e9-4bbe-9966-d439d60cf015,543a26eb-5423-4840-a94b-542e16a9d90b,2/29/2020,Purchase,UPI,Pending,Online
ff972c5a-5023-49d1-bf20-b8aa13a50684,62fb7c98-da51-4bc5-82fb-d5c59b801e33,5/21/2023,Purchase,Wallet,Success,In-Store
9029a202-5557-4b1f-8255-8ba214145ca2,0541ce9b-3146-47b2-baf1-5bfb032f9507,1/11/2020,Purchase,Wallet,Success,In-Store
80c2ac46-ae36-4a32-b3b3-05f4cd3e3b5e,8869c450-665c-4ffa-b910-788e3b6bba40,5/18/2023,Refund,Wallet,Pending,Online
5f80c999-f57d-4273-b76e-efc0f8c440be,7f66b5b5-0fe3-47cc-b826-4685e2b0c005,12/22/2024,Purchase,Net Banking,Failed,In-Store
5da1a57c-de0a-4e8f-8656-319bb0619f4c,d78fd697-93a9-474d-872d-7178a3fac470,12/4/2021,Refund,Net Banking,Success,In-Store
b84fc5d3-649b-433e-8759-addb993aee6b,f520ab15-91fd-4104-942f-b0a124ad7ce7,8/25/2020,Refund,Debit Card,Success,Online
2ed6ac22-1f9e-446d-ae90-d7a61b6e65a1,bf1fadb5-78d0-436b-9b16-41197005e752,9/28/2021,Purchase,UPI,Pending,In-Store
824f8d0b-867c-48d0-8d53-856a72d7fd60,de1e4fa2-37b0-4578-8d00-4fee4673bae7,2/23/2022,Purchase,Debit Card,Success,In-Store
6318a702-d209-469d-b735-316eed01112a,b4376710-fe26-4d3d-b733-ca6e9c923fdd,1/19/2020,Refund,Debit Card,Pending,In-Store
4aa3696b-b915-41ad-bf98-8d082f292192,9a051f81-aaf6-4141-b119-6ad9393f87cc,10/6/2022,Refund,Net Banking,Success,Online
e6dd9340-a3e2-4565-83d1-85c2cfc3fdd3,e3937585-64fe-41cc-9fc7-96e40327a156,3/11/2021,Purchase,Wallet,Success,Online
65a1148a-13e3-42f9-b50f-3cd90c51942b,afbd8bb3-922b-40a2-8bc9-aaa21ffc4ced,4/4/2020,Purchase,Credit Card,Failed,In-Store
c4148616-7374-44dc-86ef-1e1438c2ff1f,22be6619-6e2b-4cf5-b54c-4faf8b74018a,2/22/2024,Purchase,Debit Card,Failed,Online
64bb7574-10b7-453a-b5aa-4716caa0b862,3d67996b-d2f8-4371-9754-f381312b6ed5,12/18/2021,Refund,UPI,Failed,Online
2e833ffe-84d4-4a0f-b2be-7281243d6f81,73604b21-a532-431b-9b1d-4d4679b9f5d6,6/30/2020,Purchase,Net Banking,Pending,In-Store
8dff0f4e-0d35-442e-b7ad-eec21541b58a,84cd5abf-17fb-4378-9ad1-ecc69a81b19d,7/16/2024,Purchase,Debit Card,Success,Online
36cbda04-3744-4bd6-9a60-87f3e710cfca,e717a1fa-4794-4b70-b847-6efff28fc06f,6/7/2021,Refund,Wallet,Pending,Online
1d4649cb-8801-4a53-9ff4-530e23281f54,260bf48b-90ee-40b4-9a0b-a3562e5834cc,10/4/2024,Purchase,Net Banking,Failed,In-Store
f8fb1aa1-b222-4893-9945-49bc999a0f4f,9f8809f8-ce88-4384-800c-9f7c9b17deb9,4/23/2021,Refund,Debit Card,Success,Online
5e9bff40-f263-49e4-8d88-74077b4aba25,87d7a383-0713-47a2-bcde-1dca64110e2d,8/8/2021,Refund,Wallet,Success,In-Store
61cddd41-9d46-4e3f-9d29-e9a8f2c95b14,2d5249ad-f4ee-4582-8f42-dd064a02b3f3,10/7/2023,Refund,Debit Card,Success,Online
d4be0473-7dde-4ea7-a659-39c80ac0d21c,95b2d8d5-b7e1-4769-b78f-cd19cd9c4275,4/8/2021,Refund,Wallet,Failed,Online
49a12966-958f-458f-995a-7f1b91027e9f,f6dbfe77-94d0-49ac-97a6-81cbfa4f4669,3/18/2022,Purchase,Net Banking,Pending,Online
e96489fc-c07f-439c-8460-abc63b4c4048,29b84332-c24a-471d-a0eb-3869689c67a0,4/3/2022,Purchase,Wallet,Failed,Online
4d6527c1-7819-4d90-a84c-1d811ac18c7a,04d1671a-2b00-472c-a8dd-a156bebb92fc,2/15/2025,Refund,Credit Card,Success,In-Store
46a3321a-b240-4f11-88e5-7cc5c2ec11dd,c8f1771d-88a2-4883-b62d-e5305e60f79d,6/27/2021,Purchase,Net Banking,Pending,Online
97e1bf09-a63a-4d89-9efc-da23d7f8983e,63d16ebf-2b29-40fc-89ac-c20d695c4bd8,1/28/2021,Refund,Debit Card,Success,Online
1e1806ba-32ca-49b8-b80e-5a2a1b5aff34,6c80c869-35e9-46c3-98fa-e37607ec31db,12/1/2022,Purchase,Net Banking,Pending,Online
e9c33a53-adfd-4dbb-b3e3-79236dc1f983,0d2afbd9-de1a-43b6-ab6e-38ed98107533,4/22/2021,Refund,UPI,Pending,In-Store
d9a8f2a5-12d1-4b15-a94f-4a55ca7461d7,2351417e-7c9f-4687-9b10-47afd4d9d34d,7/12/2020,Refund,UPI,Pending,Online
4c529d6b-7e93-41fc-bd75-0e2d958dfb56,bab49e6f-03c0-4182-8a9d-3887f19c3e57,7/2/2020,Refund,Net Banking,Pending,In-Store
73e42323-1b01-4ba9-b945-5fbb8080e7e5,4b756ea6-428a-4561-aa0f-978b46862ebf,1/16/2023,Purchase,Wallet,Success,In-Store
9537fc54-c95f-4d67-b44d-1a609dbd215c,ed2a24d8-d805-463f-ac8d-88a3ec095551,3/7/2024,Refund,Debit Card,Failed,Online
9660e8f8-b754-4e8b-88d4-8a8805da7469,1c6b9499-a404-49e8-967c-fece98325869,1/23/2021,Purchase,UPI,Pending,In-Store
97e41888-c5fd-4dcb-a07b-318f2f493c26,5a1b63bc-327c-4c4e-981e-d85c7b5d1778,10/24/2022,Purchase,Credit Card,Pending,Online
1e276be0-a5d3-40bc-9ed4-cc59cc694342,48c5aaf6-18ce-495f-b8fd-7ecbee07d960,3/30/2024,Refund,Debit Card,Failed,Online
377e233a-ac9b-4e07-9e37-b256213a77cd,4e86b20f-0ace-49e5-b64c-5bb1bd663162,10/5/2020,Refund,Debit Card,Success,Online
a3c02c94-09d2-4127-bb94-38eea114cb96,c4e4a544-eae2-4e64-a20f-9532c23b999d,1/6/2023,Refund,Wallet,Pending,In-Store
bbf4a069-e001-42ed-ba6c-359afcd2579a,ad085a21-5ed1-434b-9d4a-651c5c55ec37,3/25/2024,Purchase,Credit Card,Success,In-Store
50585da5-462f-4e8c-8196-d2e976532755,87b72e67-ff80-465d-9483-cc857a5f4d5e,10/19/2022,Purchase,Net Banking,Pending,Online
d7bafc15-51f8-4b22-9bca-ae14ef3f80a1,a2e70c95-4311-4c6d-abab-57fbe7610e2c,12/13/2021,Purchase,Net Banking,Pending,In-Store
3f89cb6e-9a75-4b49-8221-e7407a4f0078,dda03498-6554-4387-b092-651547c96690,9/27/2020,Purchase,UPI,Success,Online
8b3aedfe-9ec4-4298-a921-0f36d300f8ee,f86422a4-749c-4361-af47-79cfa96d916d,3/28/2020,Refund,Debit Card,Failed,Online
a9096975-a059-42f7-bcc7-df91ee4e9f4d,20aefc23-281e-445a-bcbf-d8b0a24bb74c,3/22/2021,Refund,Credit Card,Success,In-Store
ba695021-313e-4cba-8b88-de85860a5eb2,f125b7ec-9def-4e73-873e-aadc220acafc,5/26/2024,Purchase,Net Banking,Failed,In-Store
a4a650a9-1272-4b46-b7f9-6677c6236df4,c1d14e39-39b6-4c95-8d7d-a87e35d4fe0c,3/10/2022,Purchase,Wallet,Failed,Online
4a3a3e9c-8bf9-4d20-b8ea-93bcc73f85c9,cdbba91a-b8d0-47d5-96c3-97aca44e2099,5/21/2022,Refund,UPI,Success,In-Store
e2edd818-7c2b-40f6-bfb1-2c400f69db51,0cdd301e-9d19-4be7-af51-0579bee4684f,1/10/2020,Purchase,Credit Card,Failed,Online
b8933c64-6661-41a3-aebc-360f4c923a27,0bb4e9a9-637d-4435-8ee1-25e8653fc3c2,11/17/2021,Purchase,Net Banking,Failed,Online
e37a8671-4cbd-4226-b7b2-eef34573a7d6,e6a00f26-27f4-4249-ae0a-d2535c7a2760,9/1/2022,Refund,Debit Card,Success,Online
74b25a81-5dd1-4fa9-acd7-330e63975837,4044d74f-c111-479a-abe3-370a14d6a0c0,8/30/2024,Purchase,Wallet,Success,In-Store
bad60c5d-6e85-4924-b278-c767b6516a44,6327bf01-3202-4588-9c9a-80f68388d9d5,12/31/2021,Refund,Net Banking,Failed,Online
bf93900a-f32d-4d3e-862b-4f8ce5d0ffb7,39516d28-60d3-4a9f-aacf-f6260186c308,3/30/2024,Refund,Wallet,Failed,Online
067483c5-6d4b-44b5-859e-b2a313641a2c,3857eadd-136b-4351-be65-676de4a6fedb,1/15/2025,Refund,Credit Card,Pending,In-Store
0d710492-2edb-46e8-8520-50dd3921e286,5459db46-f121-4356-bd86-8f59314fe914,4/27/2023,Purchase,Debit Card,Failed,In-Store
1fa1a992-edba-4444-b04e-a786539574af,1de936df-dd87-44db-a05b-ef26e60bb906,6/2/2020,Purchase,Debit Card,Pending,In-Store
8309030e-bbac-4823-b4a5-3e9ff225bb7a,56828d1b-85d8-4e66-97a5-959a1edb45e7,1/28/2022,Purchase,UPI,Success,Online
95dd0967-20d7-4231-9ac2-cc2a55967cc6,e6b50092-5c7a-41fe-9daf-623bf8e5dbf9,1/14/2020,Purchase,Debit Card,Pending,In-Store
6af8a612-ac07-4250-a7de-64c3f017679a,51fa6586-d798-4cfd-80d8-360fa7c6227c,6/18/2020,Purchase,Wallet,Failed,In-Store
f1dd7d40-40f9-4aa7-b6e0-8ee2b05b34b1,2b4a1112-aab9-4965-9af9-a4b9942f0947,6/12/2020,Purchase,Debit Card,Failed,In-Store
fa85bbff-0b99-45e8-ba1c-c7d3e06feb7e,7dfe5705-1597-4988-a403-866bdb842773,9/27/2020,Purchase,Debit Card,Success,Online
365181e1-0739-44da-9b9e-5277ec75e92d,b23aa3d4-1888-44c8-a34b-0cacd26a9671,11/17/2021,Purchase,UPI,Success,In-Store
0d53c7d4-2778-4e2b-b865-60020809af58,141840a4-3a61-4ab4-b21a-8c67ca0524a2,9/17/2023,Purchase,UPI,Pending,In-Store
719cf4ea-381d-4dfd-b380-fcc93338bfcc,ad2aa8d1-5f05-4b29-8bd7-26605175d400,4/23/2023,Purchase,Credit Card,Success,Online
86a7feaa-de8a-47e6-81e7-8f8d98277aca,99b917f8-81c3-44db-a896-0eef6cb488fe,11/28/2021,Purchase,Wallet,Failed,Online
9dfd4e0f-7eb6-4089-9f48-6a23a99e69a8,00e94ec6-6cd2-4b3f-b4c7-e6ade78b6218,6/19/2023,Purchase,Debit Card,Pending,Online
a5ac6b66-95ff-4952-a35f-0b15dc88cb36,01b6bb5a-1c7f-4506-bd6b-01a26639fe72,2/27/2024,Purchase,Credit Card,Success,Online
f91d1b5d-8deb-4409-9706-5b05e12d1c59,7a9202b3-ff98-4797-95c4-1d49c63f367a,2/18/2020,Refund,Credit Card,Success,In-Store
6a0827f8-1923-4aa2-930a-243bf940643f,b35e879c-ac8c-4b65-b6e9-f75a11782c27,2/19/2021,Refund,UPI,Pending,In-Store
55e671ff-4f4b-451a-b702-3335a3d7f679,41bd3fa1-b622-4990-8e3e-098e6d5a7bf4,9/13/2021,Refund,UPI,Success,In-Store
a7a641f5-263d-4218-b297-00be85a72cc1,0174d6ac-c5b8-475f-9720-e6d6afc2cdfd,12/17/2020,Purchase,Debit Card,Pending,In-Store
2dfed031-dafa-4c08-ada3-af9f86dc072e,5038ad19-a131-404b-84c3-dab4493256a6,6/30/2024,Purchase,UPI,Success,In-Store
a324a363-dfb9-4b09-bb0c-85040cefeb54,5314ea0b-717e-47a0-9240-a29dc319bad6,5/5/2020,Refund,Net Banking,Failed,Online
8a3b4f7a-6367-48fa-89b3-da549f0606ff,6fc0146d-a88e-42f5-8e65-4fb66ecb9eb4,2/20/2020,Refund,Net Banking,Success,In-Store
2f3e9563-7f4c-4d82-a4b3-2b77f31a8d9d,3e608b91-fc2b-4958-bd85-d0fa08477aa7,7/21/2020,Refund,Debit Card,Pending,In-Store
0550b318-da75-4acd-8224-76a38c329e7f,12f67c22-9a42-48e1-a73e-bc9a8612177f,11/23/2024,Purchase,Debit Card,Failed,In-Store
681770a2-9634-49bd-bab8-934917b21dea,4bc704fe-c94b-46ba-8ed7-8b6f2507a452,8/22/2022,Purchase,Wallet,Pending,Online
d5eae3c6-059d-48a3-9ff9-382dc8c6d6d7,7344f3b1-410e-4aa6-9679-76ebfe77107a,1/22/2021,Purchase,Credit Card,Success,In-Store
299c702b-4c83-434c-be33-74fc4265988f,1fef6cc4-aec5-4ef9-9aa7-59b18d9856cf,1/21/2023,Purchase,UPI,Success,In-Store
73b5913a-d351-404e-abda-66568f2d2e22,8c403322-b607-42ac-b700-d5ad6e7f402f,2/5/2023,Purchase,Debit Card,Failed,In-Store
b7cd6fce-d865-4b8e-b623-93156cf3f420,bf2f5b75-557c-4091-b367-42131160054a,3/12/2020,Purchase,Debit Card,Pending,In-Store
bfef6fb3-e6d4-4163-b018-b553df445a0c,455a229c-d167-4c0f-8855-72a5570f8442,12/31/2020,Purchase,Net Banking,Failed,In-Store
beeba358-e87a-421d-9df8-b42cc9b3e54e,16f91b7a-75cb-4365-a643-ab295b7ea1f9,4/7/2023,Purchase,Credit Card,Pending,In-Store
52f8f25d-6d50-4491-af12-d96cd0763a3a,50b14242-0f10-4186-bc85-c0b58ccfdb7b,4/2/2020,Purchase,Credit Card,Success,Online
5214b6d5-f968-4ee9-8d07-2d5f47c1c117,fb826291-fb0e-4dd1-8b19-9949e3e28e49,10/1/2024,Purchase,Credit Card,Success,Online
6f709549-08a2-4ee1-9000-33dfc095c1a0,4ce12398-8db4-4257-b42e-edb0ffefa487,4/21/2021,Refund,Debit Card,Failed,In-Store
302edb69-16c9-4fb2-b4a6-18f78a968d7b,053bb5ee-8efd-4ee8-9fa6-641af44a2712,1/16/2024,Purchase,Credit Card,Success,Online
77918796-2a66-4da7-b07e-7b8214417803,1a077c69-e7a9-47c2-8004-e59f7308c3e8,6/23/2020,Refund,Wallet,Pending,In-Store
0c81aa01-64b9-4f39-99ad-8e7dc9ebbd69,d2e1bfd5-484e-4463-9811-09fc9e03d4ae,8/8/2021,Purchase,Credit Card,Success,In-Store
fd379252-85ef-473b-b813-2dea84d89551,8a723604-a718-4c56-b402-90ccd7fc0381,4/15/2023,Refund,Credit Card,Failed,In-Store
70720b5f-49f0-4cf7-895c-2fc07cc5f495,493ebb5f-9197-43fe-a49a-dd70da7dc0bd,2/13/2024,Purchase,Credit Card,Success,In-Store
165cb3d3-344a-4e67-9ab5-f0912a15f7da,77cf5c87-ceeb-4fb8-b666-528d326594ae,2/23/2023,Purchase,Net Banking,Failed,Online
80137cdb-a07b-41e1-8b13-26d2bc208324,dc68ebf7-e3e0-4b0d-92bc-638f069bacb9,11/8/2023,Refund,UPI,Success,In-Store
84b01e30-9d27-405d-a77d-f027a636be4a,57699bdb-f6eb-42aa-8e95-8fc7dbb151f9,11/5/2021,Refund,Debit Card,Pending,In-Store
5935c6c8-af87-46fb-a315-a85565dc1563,023547d5-ebab-4dad-9599-2f5cd130addf,5/10/2023,Purchase,Wallet,Success,Online
e3420914-72c7-43c8-a467-83905f46de54,03e4a96e-d7a8-4cf1-89c2-83fa98800123,7/10/2022,Purchase,Debit Card,Failed,In-Store
8411a9d1-8f70-4086-b7f9-67508032cfe7,e5ce1775-9d10-4628-8cc0-f8a60f1d5b5d,10/4/2024,Refund,Wallet,Failed,Online
465beaed-2d86-4689-937a-ecd1bbb0ba20,3e61fea6-6fac-4be7-a191-0f79f600638b,12/24/2021,Purchase,UPI,Failed,Online
b8fc9e4b-a59f-46a3-a5d5-dbe6e92e095a,dd55db80-96e4-4c83-9939-7d1f508e9ab8,11/8/2020,Purchase,Wallet,Failed,In-Store
94647b4a-017a-4ef4-b1c5-fbea693d890e,1ed6f379-e59c-4c47-9680-428682c44742,8/14/2020,Purchase,UPI,Pending,In-Store
8e4b8d95-c482-422a-81e3-33dc428455de,2cc7d35b-b261-4aee-b821-050c9da8d974,2/2/2021,Refund,UPI,Pending,In-Store
fc294cc8-aa61-4a74-b6cb-0a573ef766ea,ec39047c-bd20-4c09-b971-7d207e85fce1,5/9/2021,Purchase,Debit Card,Success,Online
72dc8178-3ba0-45ba-b997-3af4c12f18f4,5297b26c-a496-475f-8e96-9b8ea5e60177,6/9/2024,Refund,Wallet,Pending,Online
e520ae37-b343-4e63-966d-592fac1d1f08,2a0696c5-96b6-4aff-83e3-b7a539105321,2/6/2023,Refund,UPI,Failed,Online
d0fa1879-4f6e-497b-81ca-5e795694a15c,31675753-e1cd-4fc6-bf27-d0bd492bb3e7,12/20/2024,Refund,Net Banking,Failed,Online
79737cf3-a4fc-4100-9358-598134fc48df,a811666e-1d21-4660-86eb-eda72254f8fa,3/4/2021,Refund,Net Banking,Success,In-Store
d625a8b1-7002-466f-92a5-5f8f534f3837,a218ba7a-b704-4abc-8a3c-36ac76c5accd,4/7/2020,Refund,Debit Card,Success,Online
fdd63ab7-d5c6-4169-a051-9052b34f6771,fc9c3c64-283e-4a5d-86f1-1fe9fbc8555b,12/17/2024,Purchase,Wallet,Pending,In-Store
447ac71b-5646-4242-bb55-bc78d6207762,c99b371a-8283-4a16-9d7f-8dd178d18834,3/2/2021,Refund,Net Banking,Success,In-Store
1707be12-287a-49b6-a464-94ddcb73ed33,11253e78-5cc9-4242-b2e4-5a2981fb24fa,6/26/2020,Refund,Credit Card,Success,In-Store
2c504778-905a-4c19-b5cc-2a5397c7cd6d,ae8bb46d-eec0-4964-ac47-c50ea7bb9026,7/29/2022,Purchase,UPI,Failed,In-Store
0abee472-a85f-4afb-b9a3-122f0ce85f75,395b7fa1-3787-4c6b-aaa4-444723e0aa55,1/7/2023,Refund,Net Banking,Failed,In-Store
01626f87-82d9-4c4a-bb96-6ce2d9e1b7c8,8497afc7-9baa-42ef-8b82-35bb644b90d9,2/13/2020,Purchase,Net Banking,Failed,Online
9a239da3-ca91-469d-81e5-09af83af7b68,526df6fa-02d8-4de2-b368-447a56ea5076,7/29/2021,Refund,Credit Card,Pending,Online
c871c365-ffae-49fc-a499-8b42f0735e67,bbc11daa-8dd6-403a-b955-7dd070bdb97d,4/24/2024,Purchase,Debit Card,Success,In-Store
ffda873e-28a3-4e87-91bf-1a31bf1ceda9,7bd1ec70-f33d-4fde-ab81-1eff7d6246a3,12/20/2021,Refund,Credit Card,Success,In-Store
13584411-20cd-46e8-a0ba-53df115b9f5b,cbaed33e-4c4e-4e4c-b8fa-480a0dce0b25,1/25/2025,Refund,UPI,Pending,Online
b4a0cf70-5796-44b9-8070-4569cf6a8d8a,48b44f47-5978-4acb-83ac-be6694320280,3/18/2022,Refund,Debit Card,Pending,In-Store
da0f0818-8e34-4973-a5d2-790fa8b31418,da82df9b-6dff-4630-8445-dd20ec44ce30,7/11/2020,Purchase,UPI,Success,Online
713f7a5d-1a3f-446d-b8ca-8d37cfc3f6ec,46928626-a470-4ea5-93da-a93ea8fbe6bc,4/7/2020,Refund,Wallet,Success,In-Store
f77f2347-eb9f-438f-a249-e6f6f047c66b,742f1d2f-cf98-4abc-a4d8-1e32f52799a0,8/22/2024,Purchase,UPI,Pending,Online
339d22e0-c9cf-4f34-b573-9d9068ecd84a,f68fe1bc-6a28-4ad2-9675-5d7494af45b3,3/28/2023,Purchase,Debit Card,Pending,In-Store
a66eb5e9-ef44-4aac-86c0-49d4a3b563e6,43dc13b5-8c5c-4eab-ba4e-2c562c7a4678,4/11/2025,Refund,UPI,Failed,In-Store
3a9dd9b3-cef7-4834-b411-1735f4878fd9,5e33fcf3-4c03-4a5a-9ce3-5c0c7a6705c8,3/20/2022,Refund,Net Banking,Success,In-Store
165a70b5-92b1-4ff7-8767-eb9b323ae08c,2a3a7e6a-c5eb-4332-92b0-21bc2ffe9410,11/28/2024,Purchase,Wallet,Success,Online
fa7c3005-60a0-4f7d-b9d8-8614d6fe12ad,f4288b3e-407f-4876-b762-d7f6c473da37,7/19/2022,Refund,UPI,Success,Online
7edca1ac-1176-496b-911b-5630a5d12620,fced8199-1403-422b-85cd-195e6d3de681,2/5/2022,Purchase,Debit Card,Success,Online
f6c89d34-fcf5-4a67-9455-cda29ad1918f,b1997e2c-cbbf-4685-954b-552e1364b29e,7/27/2023,Refund,Debit Card,Failed,In-Store
3ec13929-d1a5-4271-93ea-8d6002f0b859,c8fa3184-88e0-4b29-9d55-b7c2bd8b4954,9/29/2021,Purchase,Credit Card,Pending,Online
31b4b84e-e71a-474e-bd1c-1a4cc1a1b48e,fef37a60-8375-45b0-8594-5f21f93799e9,6/26/2021,Refund,Debit Card,Success,In-Store
fe4e13b9-9742-4b1d-b3c1-94fe34125da3,dc4e6daa-8b68-4247-8887-2987cb6c64d3,5/5/2020,Purchase,Net Banking,Pending,In-Store
4d12aa03-0be7-40e9-a5c3-61f4e65281ae,9d7c414b-aeee-49ae-b2f5-1fd6dacb4bff,6/9/2023,Purchase,UPI,Failed,Online
d25a5bf6-73de-406b-986f-79901d893f8f,12cafeb1-1bdb-4753-a88c-9cef692f8a81,12/13/2020,Refund,Debit Card,Failed,In-Store
a0944737-6149-44f3-b387-cf6197f3ee29,70a3ba16-fc25-41df-b66a-39d0dbc9c654,7/10/2022,Purchase,Credit Card,Failed,Online
60acc6ab-2df0-4b8d-9338-5fcdeb4e2acc,a81669cf-7ad7-47be-93eb-970ed9a5de7c,11/6/2021,Purchase,Net Banking,Success,In-Store
d3a2f89c-6232-4322-8473-7d0d419a1ed1,8497dbac-ae81-4920-b7ea-82834418a380,12/23/2021,Purchase,UPI,Success,In-Store
7eb6530f-72e9-4844-b8b0-209a8977b85e,e4547dbe-9455-490c-a0a9-9540d4eaacee,1/22/2021,Purchase,Net Banking,Success,In-Store
b33f4b00-95bd-44a7-aa1d-37d547d5b029,7b514d19-3e47-41c0-bc9a-47280a3d5022,3/23/2023,Refund,Debit Card,Failed,In-Store
f912c9e0-d543-43ab-a482-cbd044e32b77,ee06221a-56ae-4ccc-8c50-5822eb22da52,2/12/2022,Purchase,Debit Card,Pending,In-Store
4a7dd145-3360-4089-a365-08b617548321,3ac54d76-f229-4546-b3ea-9de802edb167,10/5/2021,Refund,Wallet,Pending,Online
04f0d69b-3ea8-4ffd-bbd0-bf501b65d68c,fc9ea0c7-8887-4391-a773-cb0df299479c,12/23/2022,Refund,Wallet,Pending,In-Store
ddcc81e3-2c43-4dd7-a77f-b5f75c976e26,acec143c-5605-472f-83f5-7c6f2e33433a,2/26/2020,Refund,Wallet,Failed,Online
ef52abd2-ec83-4946-976b-9d9d17756562,91534983-798a-404b-8083-92d90e686a97,7/1/2021,Purchase,Credit Card,Success,Online
391e22da-7968-4b45-bc25-1d31093cc97d,f4014dce-c880-4477-a91a-aa73e5975c6b,6/6/2020,Refund,Credit Card,Pending,In-Store
0e8476a8-a67c-411e-b4d5-94ed9e844a5f,92f9bd13-9e4e-4675-9770-78bf13bf0bf2,12/19/2024,Refund,UPI,Failed,In-Store
d4400029-2b67-486f-90fb-01ff1fd8a289,bbdfc368-a360-4b56-8c90-e53ddcf47c0f,4/23/2021,Purchase,Wallet,Pending,In-Store
6d8caf63-04c9-473e-af80-c86beb0add50,04465b0f-4d10-4766-a65e-79d9c0b876a8,3/19/2020,Purchase,Debit Card,Pending,Online
f63258d1-6001-49e2-8c18-47d43660d6c4,0d97701c-8590-4ffc-9538-b044f5192906,7/23/2020,Purchase,Credit Card,Pending,In-Store
89022b1f-dfda-4d88-8d9d-207c4daf6a81,33fc037d-2590-4a79-b69e-631ab6f08d3f,11/2/2023,Purchase,Debit Card,Failed,In-Store
9cbcf509-2ba9-4e0f-b98f-5bdbb39c7469,39cb2b21-82fb-48bb-b5a3-f37049ecdd26,8/24/2022,Purchase,Debit Card,Pending,Online
908d85da-3bb0-42f3-8a9d-3b225d9b48e3,7e1151db-3073-4f21-b211-737d4cff7bd7,3/21/2025,Purchase,Wallet,Pending,In-Store
f97f96d8-a238-447a-8e9e-59b1dbd969ae,fe17c72a-17f7-4ef3-8461-7d37c4e28d16,12/11/2021,Purchase,Credit Card,Success,Online
de0cdfcc-48ee-4e85-84f0-97d3ff23aa13,f77bf5ef-8281-42c7-ad11-a4225f025a68,10/3/2023,Purchase,Wallet,Success,In-Store
d51214bb-2c2d-4fac-bc2b-734ed509b296,634e8022-f5f9-4fcf-92d0-912ca7f90973,11/9/2024,Purchase,Wallet,Failed,Online
59e5fc19-4332-4620-9ecb-dc1ac36f3db8,dd929545-3a79-4e9c-adff-6dc72f1f4de6,9/14/2021,Refund,Wallet,Success,Online
bccd022b-7588-4f0c-963f-02ac56c1166e,939e8e31-fa5c-496f-96e1-7a217f6efbbd,5/28/2022,Purchase,Wallet,Pending,In-Store
429691a5-d680-40ba-aa3d-a0b34935393a,67df8689-0d02-4b14-b5d3-2d8e66029ee6,11/21/2022,Refund,Wallet,Pending,Online
4b811f92-20c9-4018-bd94-1305b1f22725,21736d72-ebfe-4a78-b64a-da092feb3a3f,6/12/2022,Refund,Net Banking,Pending,In-Store
f3a0e7c0-304b-45d4-b5c2-9621e437d061,55903204-dc50-4b86-ba20-beaf2ae8a58b,10/9/2023,Purchase,UPI,Pending,In-Store
57f03134-248d-4352-8414-4b9399ddc086,aa942f21-df40-40c7-af2d-21e2c9e9ccc3,5/6/2023,Refund,Credit Card,Failed,Online
c81a0a0e-03fc-46ef-82ea-c4ef0de278a8,84f9dada-978d-4e01-81af-43e95afa7f24,1/12/2024,Purchase,Net Banking,Success,Online
4447caaa-245b-4b07-9388-9744cf3bf920,0778f8ae-d4d0-4d30-8a2f-a90a687690d7,2/24/2021,Refund,Credit Card,Success,In-Store
d513402b-4340-4c9b-abc0-28934d8f41cb,9ff08563-264c-42ca-935a-568d442970bc,3/25/2021,Refund,Net Banking,Failed,Online
53c7253c-9df2-4a42-ae17-b9bcc157d573,66d7fac6-c033-4719-9151-66db5b6311a2,5/30/2024,Purchase,Debit Card,Pending,In-Store
a0693c45-23dc-4afa-9fb6-50d11b4c473c,8a275c24-11f5-4fa0-bdfb-8301a04a03e6,10/8/2021,Refund,Credit Card,Success,In-Store
46856b11-f1bd-4802-a7c9-d85d6aa750d0,433a52fa-f518-4bf4-ba5e-c1c186ff9fc8,12/20/2021,Refund,Debit Card,Failed,Online
52bb4450-0215-4927-bb42-c525d1f8b273,99cb3d9c-bcbc-4d49-8b90-504060c21f23,9/10/2023,Purchase,Net Banking,Success,Online
1a837d56-3619-4fce-856d-403da613f85e,c855156b-b525-4939-9115-c9da3866bbf8,3/26/2025,Refund,Credit Card,Success,Online
c6036c33-3b24-42b6-a801-1c5e2526e895,41f3d099-aa1f-4fac-abdb-b50ea87e1231,2/20/2020,Refund,UPI,Pending,Online
1e3e5134-b852-44c1-a8d8-aa7ccb41dfae,ece05f0a-bb7f-4e42-a1a3-dcf8328fe59a,5/8/2023,Purchase,Wallet,Success,Online
55bf0678-f0d1-40a2-bc20-5c2e8a31df74,414a21e3-7597-4470-95d7-4a08102ac98f,9/5/2021,Purchase,Credit Card,Success,In-Store
70d0df06-7fae-4055-bf4c-5eba1a201fa2,ca4a19db-d5ba-496c-807a-7a3420cc2a29,2/13/2023,Refund,Credit Card,Failed,Online
64f6d8a6-cac7-4469-a13a-b1cc3da01492,35a6bdf1-f477-4aed-a2fb-f3efde1f8872,2/10/2021,Purchase,Wallet,Failed,In-Store
871f776c-849c-4df2-8fa0-8f6d2fedf90b,3684ef74-9a20-4249-8759-91c8c0534af2,5/13/2020,Refund,UPI,Pending,In-Store
dd8eaec4-224d-4b13-96b7-341ccec875a1,ef5e1b40-11d0-4c7d-827f-d047944694b9,12/24/2024,Refund,UPI,Failed,Online
67e39645-bc31-4371-8d4f-9ae670685479,90f5175b-66a5-40be-8710-cc4d0e199c7b,8/17/2022,Purchase,Debit Card,Failed,Online
e29014fc-f725-4a4f-8627-a11b7367fc34,2b491109-d73a-48fb-bfc7-feb17756e327,1/2/2024,Refund,Credit Card,Failed,Online
fc4fd403-d479-4ad7-bc53-5cfe87326e3e,1215de2f-bdda-40ff-b91b-88b91147ee41,2/25/2021,Purchase,Net Banking,Success,Online
916d13bb-a891-46fa-840c-e0eb666579e4,30853d9b-bd78-4993-aa21-f88842b9d629,12/15/2024,Purchase,UPI,Success,Online
19d261f8-9733-4b97-afee-ba47f253d594,5b11e16e-2668-42e7-98ad-34fcc419c368,4/27/2020,Purchase,Debit Card,Failed,Online
ca73e30b-c052-418f-b9a6-6adf2d57e178,44a78364-d34a-4097-9c5b-0debbda0ed47,10/15/2022,Purchase,Wallet,Failed,Online
b6eb37d9-2297-4b1c-8ca9-2d819288a0e2,96705f37-dd5a-4838-9c81-b865b454f283,2/27/2024,Refund,Net Banking,Success,Online
ef62d11c-baba-4c4c-b3bd-f453d2b5bcdd,df6475f2-eac6-411f-a4ec-07891656170a,2/13/2024,Refund,Debit Card,Failed,Online
678c5502-b919-4b2b-9556-8bd72a154c60,ba19640b-b61c-4bc8-a4c7-2bb826bac37c,10/22/2024,Refund,Debit Card,Pending,Online
3704e490-8586-4b39-8311-260c9308c642,1a2f03a0-5e36-4300-92ad-f29be79fcb17,11/23/2023,Purchase,Wallet,Success,In-Store
7cdfd2e6-f1fa-40f3-858b-278e21f35cbf,07c113d6-5fe1-4f2a-9dc3-a52bb35514c9,3/4/2020,Refund,Debit Card,Pending,Online
26671238-f2cb-44f6-927b-fe9ec4f63a34,88c746ff-0383-40d5-9e51-ffbc8a8a0522,6/10/2021,Refund,Wallet,Pending,In-Store
9f347b07-59ea-439e-80eb-2157d32dbe96,7ba14233-6727-4aae-abf2-735a562d9fe4,11/13/2023,Refund,Net Banking,Pending,In-Store
00946481-e5d2-4e57-86a5-fef4e8b7ae0f,3c0e496f-8dd4-42a1-ac83-967348e663f4,1/23/2020,Purchase,UPI,Success,In-Store
bb438950-cb3d-4f4f-b879-ae38a7fd0568,7e8e08c3-0db1-4b5f-9cff-68d1d2965707,2/12/2025,Purchase,Wallet,Success,In-Store
32b1f7f5-c06a-4d5b-b234-51118a00de41,dd23eed4-014d-46dd-995e-f6a8b0808ca1,9/25/2023,Purchase,Credit Card,Failed,Online
c2e4ee26-6144-42bd-900a-57cd7054e902,407fa781-2986-4d14-b57c-fe541bbde985,1/6/2025,Purchase,Credit Card,Failed,Online
9ab91e01-7159-4ede-929d-7db8a3d9dd21,d9d1da34-f69d-4193-bd56-8631cf82a3c2,8/17/2024,Refund,UPI,Pending,In-Store
844be9fb-9362-4544-8b08-666217afa34d,6b31333c-4a64-4113-ad35-01ac4c8e5263,11/30/2020,Refund,Wallet,Failed,In-Store
0a92d06c-0d1c-4b5e-bb8e-c10db4b4c527,2d629e67-7d18-4917-9954-08ec5c2804ed,4/13/2020,Refund,Net Banking,Success,In-Store
96bfa8eb-c3b2-42df-8649-0531e8ae0b88,e6f6e8c5-7570-463a-8db7-623c055d74b2,2/3/2025,Refund,Debit Card,Success,In-Store
a9d63e57-76ac-49c2-a1e1-5e11476d68ec,d101c32c-78df-4553-a26e-d3005b35bddd,8/10/2020,Purchase,Wallet,Success,In-Store
05aade26-af01-4382-8581-5c47afc35edc,2373d476-e224-4745-94e7-7d344cc5adc9,7/1/2021,Purchase,Credit Card,Success,Online
1eb27cb2-285f-4a88-8a8d-2246f4173a2e,a5c8f8ed-2425-4f47-88a0-b1f09f79f54d,2/6/2025,Purchase,UPI,Pending,Online
729f6137-b002-4152-b541-1efcd7c7c4a3,daceb3ee-6f73-4b6f-9d37-48dbb558c7e5,4/21/2022,Refund,Credit Card,Failed,Online
241e4b98-1efe-4a49-a25f-65a7369f8449,0847a6a6-2252-45fc-ac32-86ac71948d3b,2/16/2023,Purchase,Debit Card,Success,Online
4952ed4e-e1fd-4363-9679-8d2e0ba7d644,a2b3aa26-9ed8-465f-a455-eb70a1f7d0d6,1/19/2023,Purchase,UPI,Failed,Online
a4a64f4b-9edf-4f6f-bc28-ea9dca0a72ce,b211e8e8-20ca-47d7-9127-5ca940476a27,3/14/2024,Purchase,Credit Card,Failed,Online
83b1d9d8-4144-4683-9d94-debe85654214,8d2f2c23-b8b0-42fd-8f23-2b75fdc149ec,9/16/2023,Refund,UPI,Failed,Online
c31ea892-fe3f-4277-9bfc-3e40914f4316,796a685e-fdeb-47e5-addc-99667d6f4ed1,12/2/2022,Refund,Debit Card,Pending,In-Store
25a09a71-f5dc-49aa-afa2-ed11534d55df,ddbc19b9-e97a-41ac-be6e-4a931496e018,4/5/2024,Purchase,Debit Card,Failed,In-Store
ced8726e-ebbb-4c55-bb1a-740fca14fc0a,a68cc28d-000b-4454-9e44-344460b53bd7,4/1/2022,Refund,Credit Card,Pending,Online
87126d7c-7502-46b6-82d5-e7f876457c5a,54d03230-a41b-4cd3-964a-3481bf1d3bdb,1/18/2025,Refund,UPI,Failed,In-Store
484e3002-1f21-46b6-9e01-0e0fa96cb0f1,1ce6b661-2ff7-4d0a-9a33-1235a9ff13a7,1/8/2020,Refund,Wallet,Success,Online
41f40df0-f9cf-47a7-b904-326b5633593b,1699e387-97f3-4694-b17e-61cf521c3fe4,4/17/2025,Refund,Wallet,Failed,Online
cc3328b2-aab1-4b2c-9dfb-66013e7e2aeb,26cccfb6-9999-4d19-a283-d8779c89eb94,12/1/2023,Refund,Debit Card,Success,In-Store
c58839bb-c3e0-461d-91cb-5c5879a8d3c5,18c27c4d-dd30-4d8e-a9bd-b70b313dd9e4,10/20/2020,Purchase,Debit Card,Failed,In-Store
3e48082e-e4fd-458a-a273-8cecb17acf78,85e9a869-ce7c-472f-8c33-b7ae05ee4675,7/18/2021,Purchase,UPI,Success,In-Store
fb2d301b-0afc-4a84-8435-5ee9647842f8,6067da4a-3fa6-4526-a2c5-1c80d163c292,11/12/2024,Purchase,Debit Card,Failed,Online
a42054bd-75c3-413c-8a79-1a5982e4b216,0643c6d7-855e-4048-8b3e-fa2ac899ef7b,6/25/2021,Refund,Debit Card,Failed,Online
d6b92f2c-d83c-4b36-9a11-8508ef5f90c7,c495e281-0849-44bb-887f-147172ce730f,5/17/2023,Purchase,Wallet,Pending,Online
ccdf79e2-a777-4550-b130-0484d42fea3c,130bd9bc-6784-4e32-8691-7d9bfea0a299,5/30/2024,Refund,UPI,Pending,Online
f97b8c45-739d-4327-8a7a-cf3c7353266e,315ef832-3a2c-40f2-b442-dbdcd73f049d,2/20/2020,Refund,Net Banking,Failed,In-Store
f655375c-d4ac-4213-a0cb-c4aed4268a4c,dc628c23-3637-4b6c-a4fd-c82558cf80c4,8/13/2024,Purchase,Credit Card,Failed,In-Store
de3adfa0-7ce0-4d94-ae36-a5038d7e7833,5ae9d535-7333-49ac-bc68-ca4717a62fe2,2/5/2021,Refund,Credit Card,Pending,Online
de3adfa0-7ce0-4d94-ae36-a5038d7e7834,5ae9d535-7333-49ac-bc68-ca4717a62fe1,2/6/2021,Refund,Net Banking,Success,Online
de3adfa0-7ce0-4d94-ae36-a5038d7e7835,5ae9d535-7333-49ac-bc68-ca4717a62fe5,2/7/2021,Refund,Net Banking,Success,Online
de3adfa0-7ce0-4d94-ae36-a5038d7e7836,5ae9d535-7333-49ac-bc68-ca4717a62fe6,2/8/2021,Refund,Net Banking,Success,Online
de3adfa0-7ce0-4d94-ae36-a5038d7e7837,7ba14233-6727-4aae-abf2-735a562d9fe7,2/9/2021,Purchase,Net Banking,Success,In-Store
de3adfa0-7ce0-4d94-ae36-a5038d7e7838,7ba14233-6727-4aae-abf2-735a562d9fe8,2/10/2021,Purchase,Net Banking,Success,In-Store
de3adfa0-7ce0-4d94-ae36-a5038d7e7839,7ba14233-6727-4aae-abf2-735a562d9fe9,2/11/2021,Purchase,Net Banking,Success,In-Store
de3adfa0-7ce0-4d94-ae36-a5038d7e7840,7ba14233-6727-4aae-abf2-735a562d9fe10,2/12/2021,Purchase,Net Banking,Success,In-Store
de3adfa0-7ce0-4d94-ae36-a5038d7e7841,7ba14233-6727-4aae-abf2-735a562d9fe11,2/13/2021,Purchase,Net Banking,Success,In-Store
